timestamp_utc,elapsed_seconds,pid,process,cpu_percent,rss_mb
2026-10-09T16:43:16.928015+00:00,1.0,9600,php.exe,0.0,49.94
2026-10-09T16:43:16.928015+00:00,1.0,5096,mysqld.exe,1.6,511.71
2026-10-09T16:43:16.928015+00:00,1.0,7904,mysqld.exe,0.0,26.39
2026-10-09T16:43:17.943592+00:00,2.01,9600,php.exe,0.0,49.94
2026-10-09T16:43:17.943592+00:00,2.01,5096,mysqld.exe,0.0,511.71
2026-10-09T16:43:17.943592+00:00,2.01,7904,mysqld.exe,0.0,26.39
2026-10-09T16:43:18.957960+00:00,3.03,9600,php.exe,0.0,49.94
2026-10-09T16:43:18.957960+00:00,3.03,5096,mysqld.exe,0.0,511.71
2026-10-09T16:43:18.957960+00:00,3.03,7904,mysqld.exe,0.0,26.39
2026-10-09T16:43:19.960048+00:00,4.03,9600,php.exe,0.0,49.94
2026-10-09T16:43:19.960048+00:00,4.03,5096,mysqld.exe,1.6,511.71
2026-10-09T16:43:19.960048+00:00,4.03,7904,mysqld.exe,0.0,26.39
2026-10-09T16:43:20.960737+00:00,5.03,9600,php.exe,0.0,49.94
2026-10-09T16:43:20.960737+00:00,5.03,5096,mysqld.exe,3.1,511.71
2026-10-09T16:43:20.960737+00:00,5.03,7904,mysqld.exe,0.0,26.39
2026-10-09T16:43:21.974500+00:00,6.05,9600,php.exe,0.0,49.94
2026-10-09T16:43:21.974500+00:00,6.05,5096,mysqld.exe,0.0,511.71
2026-10-09T16:43:21.974500+00:00,6.05,7904,mysqld.exe,0.0,26.39
2026-10-09T16:43:22.987671+00:00,7.06,9600,php.exe,0.0,49.94
2026-10-09T16:43:22.987671+00:00,7.06,5096,mysqld.exe,0.0,511.71
2026-10-09T16:43:22.987671+00:00,7.06,7904,mysqld.exe,0.0,26.39
2026-10-09T16:43:23.990620+00:00,8.06,9600,php.exe,4.7,49.95
2026-10-09T16:43:23.990620+00:00,8.06,5096,mysqld.exe,64.1,511.92
2026-10-09T16:43:23.990620+00:00,8.06,7904,mysqld.exe,0.0,26.39
2026-10-09T16:43:25.005351+00:00,9.08,9600,php.exe,0.0,49.95
2026-10-09T16:43:25.005351+00:00,9.08,5096,mysqld.exe,161.5,514.17
2026-10-09T16:43:25.005351+00:00,9.08,7904,mysqld.exe,0.0,26.39
2026-10-09T16:43:26.007375+00:00,10.08,9600,php.exe,1.6,49.95
2026-10-09T16:43:26.007375+00:00,10.08,5096,mysqld.exe,145.3,511.94
2026-10-09T16:43:26.007375+00:00,10.08,7904,mysqld.exe,0.0,26.39
2026-10-09T16:43:27.008256+00:00,11.08,9600,php.exe,4.7,49.95
2026-10-09T16:43:27.008256+00:00,11.08,5096,mysqld.exe,145.3,511.92
2026-10-09T16:43:27.008256+00:00,11.08,7904,mysqld.exe,0.0,26.39
2026-10-09T16:43:28.008998+00:00,12.08,9600,php.exe,0.0,49.95
2026-10-09T16:43:28.008998+00:00,12.08,5096,mysqld.exe,168.8,513.16
2026-10-09T16:43:28.008998+00:00,12.08,7904,mysqld.exe,0.0,26.39
2026-10-09T16:43:29.012726+00:00,13.09,9600,php.exe,3.1,49.95
2026-10-09T16:43:29.012726+00:00,13.09,5096,mysqld.exe,177.0,511.96
2026-10-09T16:43:29.012726+00:00,13.09,7904,mysqld.exe,0.0,26.39
2026-10-09T16:43:30.023099+00:00,14.09,9600,php.exe,6.2,49.95
2026-10-09T16:43:30.023099+00:00,14.09,5096,mysqld.exe,157.8,511.93
2026-10-09T16:43:30.023099+00:00,14.09,7904,mysqld.exe,0.0,26.39
2026-10-09T16:43:31.023465+00:00,15.09,9600,php.exe,0.0,49.95
2026-10-09T16:43:31.023465+00:00,15.09,5096,mysqld.exe,182.8,514.18
2026-10-09T16:43:31.023465+00:00,15.09,7904,mysqld.exe,0.0,26.39
2026-10-09T16:43:32.024061+00:00,16.09,9600,php.exe,3.1,49.95
2026-10-09T16:43:32.024061+00:00,16.09,5096,mysqld.exe,135.9,511.97
2026-10-09T16:43:32.024061+00:00,16.09,7904,mysqld.exe,0.0,26.39
2026-10-09T16:43:33.025161+00:00,17.09,9600,php.exe,6.2,49.95
2026-10-09T16:43:33.025161+00:00,17.09,5096,mysqld.exe,154.7,511.95
2026-10-09T16:43:33.025161+00:00,17.09,7904,mysqld.exe,0.0,26.39
2026-10-09T16:43:34.039278+00:00,18.11,9600,php.exe,0.0,49.95
2026-10-09T16:43:34.039278+00:00,18.11,5096,mysqld.exe,149.2,514.18
2026-10-09T16:43:34.039278+00:00,18.11,7904,mysqld.exe,0.0,26.39
2026-10-09T16:43:35.039636+00:00,19.11,9600,php.exe,3.1,49.95
2026-10-09T16:43:35.039636+00:00,19.11,5096,mysqld.exe,146.9,511.97
2026-10-09T16:43:35.039636+00:00,19.11,7904,mysqld.exe,0.0,26.39
2026-10-09T16:43:36.040299+00:00,20.11,9600,php.exe,4.7,49.95
2026-10-09T16:43:36.040299+00:00,20.11,5096,mysqld.exe,148.4,511.95
2026-10-09T16:43:36.040299+00:00,20.11,7904,mysqld.exe,0.0,26.39
2026-10-09T16:43:37.040619+00:00,21.11,9600,php.exe,3.1,49.95
2026-10-09T16:43:37.040619+00:00,21.11,5096,mysqld.exe,148.4,511.72
2026-10-09T16:43:37.040619+00:00,21.11,7904,mysqld.exe,0.0,26.39
2026-10-09T16:43:38.055806+00:00,22.12,9600,php.exe,0.0,49.95
2026-10-09T16:43:38.055806+00:00,22.12,5096,mysqld.exe,139.9,511.98
2026-10-09T16:43:38.055806+00:00,22.12,7904,mysqld.exe,0.0,26.39
2026-10-09T16:43:39.055883+00:00,23.12,9600,php.exe,9.4,49.95
2026-10-09T16:43:39.055883+00:00,23.12,5096,mysqld.exe,101.6,511.74
2026-10-09T16:43:39.055883+00:00,23.12,7904,mysqld.exe,0.0,26.39
2026-10-09T16:43:40.071842+00:00,24.14,9600,php.exe,1.5,49.95
2026-10-09T16:43:40.071842+00:00,24.14,5096,mysqld.exe,150.9,511.98
2026-10-09T16:43:40.071842+00:00,24.14,7904,mysqld.exe,0.0,26.39
2026-10-09T16:43:41.072934+00:00,25.14,9600,php.exe,3.1,49.95
2026-10-09T16:43:41.072934+00:00,25.14,5096,mysqld.exe,157.8,511.99
2026-10-09T16:43:41.072934+00:00,25.14,7904,mysqld.exe,0.0,26.39
2026-10-09T16:43:42.087815+00:00,26.16,9600,php.exe,10.8,49.95
2026-10-09T16:43:42.087815+00:00,26.16,5096,mysqld.exe,132.3,511.87
2026-10-09T16:43:42.087815+00:00,26.16,7904,mysqld.exe,0.0,26.39
2026-10-09T16:43:43.088346+00:00,27.16,9600,php.exe,0.0,49.95
2026-10-09T16:43:43.088346+00:00,27.16,5096,mysqld.exe,137.5,512.02
2026-10-09T16:43:43.088346+00:00,27.16,7904,mysqld.exe,0.0,26.39
2026-10-09T16:43:44.089111+00:00,28.17,9600,php.exe,3.1,49.95
2026-10-09T16:43:44.089111+00:00,28.17,5096,mysqld.exe,164.6,512.0
2026-10-09T16:43:44.089111+00:00,28.17,7904,mysqld.exe,0.0,26.39
2026-10-09T16:43:45.104348+00:00,29.17,9600,php.exe,0.0,49.95
2026-10-09T16:43:45.104348+00:00,29.17,5096,mysqld.exe,192.2,511.76
2026-10-09T16:43:45.104348+00:00,29.17,7904,mysqld.exe,0.0,26.39
2026-10-09T16:43:46.104482+00:00,30.17,9600,php.exe,6.2,49.95
2026-10-09T16:43:46.104482+00:00,30.17,5096,mysqld.exe,131.2,512.01
2026-10-09T16:43:46.104482+00:00,30.17,7904,mysqld.exe,0.0,26.39
2026-10-09T16:43:47.105408+00:00,31.19,9600,php.exe,3.1,49.95
2026-10-09T16:43:47.105408+00:00,31.19,5096,mysqld.exe,155.5,511.99
2026-10-09T16:43:47.105408+00:00,31.19,7904,mysqld.exe,0.0,26.39
2026-10-09T16:43:48.107989+00:00,32.19,9600,php.exe,4.7,49.95
2026-10-09T16:43:48.107989+00:00,32.19,5096,mysqld.exe,173.4,511.76
2026-10-09T16:43:48.107989+00:00,32.19,7904,mysqld.exe,0.0,26.39
2026-10-09T16:43:49.122792+00:00,33.2,9600,php.exe,0.0,49.95
2026-10-09T16:43:49.122792+00:00,33.2,5096,mysqld.exe,175.3,512.01
2026-10-09T16:43:49.122792+00:00,33.2,7904,mysqld.exe,0.0,26.39
2026-10-09T16:43:50.135825+00:00,34.22,9600,php.exe,4.6,49.95
2026-10-09T16:43:50.135825+00:00,34.22,5096,mysqld.exe,140.1,512.01
2026-10-09T16:43:50.135825+00:00,34.22,7904,mysqld.exe,0.0,26.39
2026-10-09T16:43:51.136927+00:00,35.22,9600,php.exe,6.2,49.95
2026-10-09T16:43:51.136927+00:00,35.22,5096,mysqld.exe,157.8,511.93
2026-10-09T16:43:51.136927+00:00,35.22,7904,mysqld.exe,0.0,26.39
2026-10-09T16:43:52.137971+00:00,36.22,9600,php.exe,0.0,49.95
2026-10-09T16:43:52.138445+00:00,36.22,5096,mysqld.exe,164.1,512.02
2026-10-09T16:43:52.138445+00:00,36.22,7904,mysqld.exe,0.0,26.39
2026-10-09T16:43:53.153570+00:00,37.23,9600,php.exe,3.1,49.95
2026-10-09T16:43:53.153570+00:00,37.23,5096,mysqld.exe,146.1,512.01
2026-10-09T16:43:53.153570+00:00,37.23,7904,mysqld.exe,0.0,26.39
2026-10-09T16:43:54.154446+00:00,38.23,9600,php.exe,4.7,49.95
2026-10-09T16:43:54.154895+00:00,38.23,5096,mysqld.exe,139.1,511.95
2026-10-09T16:43:54.154895+00:00,38.23,7904,mysqld.exe,0.0,26.39
2026-10-09T16:43:55.169405+00:00,39.25,9600,php.exe,0.0,49.95
2026-10-09T16:43:55.169405+00:00,39.25,5096,mysqld.exe,179.9,512.01
2026-10-09T16:43:55.169405+00:00,39.25,7904,mysqld.exe,0.0,26.39
2026-10-09T16:43:56.170723+00:00,40.25,9600,php.exe,4.7,49.95
2026-10-09T16:43:56.170723+00:00,40.25,5096,mysqld.exe,162.5,512.01
2026-10-09T16:43:56.170723+00:00,40.25,7904,mysqld.exe,0.0,26.39
2026-10-09T16:43:57.172402+00:00,41.25,9600,php.exe,3.1,49.95
2026-10-09T16:43:57.172402+00:00,41.25,5096,mysqld.exe,156.2,511.93
2026-10-09T16:43:57.172402+00:00,41.25,7904,mysqld.exe,0.0,26.39
2026-10-09T16:43:58.186222+00:00,42.26,9600,php.exe,0.0,49.95
2026-10-09T16:43:58.186222+00:00,42.26,5096,mysqld.exe,152.4,512.01
2026-10-09T16:43:58.186222+00:00,42.26,7904,mysqld.exe,0.0,26.39
2026-10-09T16:43:59.195091+00:00,43.26,9600,php.exe,7.8,49.95
2026-10-09T16:43:59.195091+00:00,43.26,5096,mysqld.exe,159.4,511.99
2026-10-09T16:43:59.195091+00:00,43.26,7904,mysqld.exe,0.0,26.39
2026-10-09T16:44:00.201954+00:00,44.28,9600,php.exe,0.0,49.95
2026-10-09T16:44:00.201954+00:00,44.28,5096,mysqld.exe,153.8,514.22
2026-10-09T16:44:00.201954+00:00,44.28,7904,mysqld.exe,0.0,26.39
2026-10-09T16:44:01.202692+00:00,45.28,9600,php.exe,4.7,49.95
2026-10-09T16:44:01.202692+00:00,45.28,5096,mysqld.exe,140.6,512.02
2026-10-09T16:44:01.202692+00:00,45.28,7904,mysqld.exe,0.0,26.39
2026-10-09T16:44:02.203168+00:00,46.28,9600,php.exe,9.4,49.95
2026-10-09T16:44:02.203168+00:00,46.28,5096,mysqld.exe,112.5,511.92
2026-10-09T16:44:02.203168+00:00,46.28,7904,mysqld.exe,0.0,26.39
2026-10-09T16:44:03.203473+00:00,47.28,9600,php.exe,0.0,49.95
2026-10-09T16:44:03.203473+00:00,47.28,5096,mysqld.exe,156.2,512.02
2026-10-09T16:44:03.203473+00:00,47.28,7904,mysqld.exe,0.0,26.39
2026-10-09T16:44:04.218560+00:00,48.3,9600,php.exe,3.1,49.95
2026-10-09T16:44:04.218560+00:00,48.3,5096,mysqld.exe,186.1,512.02
2026-10-09T16:44:04.218560+00:00,48.3,7904,mysqld.exe,0.0,26.39
2026-10-09T16:44:05.235622+00:00,49.31,9600,php.exe,7.7,49.95
2026-10-09T16:44:05.235622+00:00,49.31,5096,mysqld.exe,150.9,511.93
2026-10-09T16:44:05.235622+00:00,49.31,7904,mysqld.exe,0.0,26.39
2026-10-09T16:44:06.236288+00:00,50.31,9600,php.exe,0.0,49.95
2026-10-09T16:44:06.236288+00:00,50.31,5096,mysqld.exe,184.4,512.03
2026-10-09T16:44:06.236591+00:00,50.31,7904,mysqld.exe,0.0,26.39
2026-10-09T16:44:07.236935+00:00,51.31,9600,php.exe,3.1,49.95
2026-10-09T16:44:07.236935+00:00,51.31,5096,mysqld.exe,132.8,512.04
2026-10-09T16:44:07.236935+00:00,51.31,7904,mysqld.exe,0.0,26.39
2026-10-09T16:44:08.237276+00:00,52.31,9600,php.exe,9.4,49.95
2026-10-09T16:44:08.237276+00:00,52.31,5096,mysqld.exe,132.8,511.77
2026-10-09T16:44:08.237276+00:00,52.31,7904,mysqld.exe,0.0,26.39
2026-10-09T16:44:09.251668+00:00,53.33,9600,php.exe,0.0,49.95
2026-10-09T16:44:09.251668+00:00,53.33,5096,mysqld.exe,155.3,512.04
2026-10-09T16:44:09.251668+00:00,53.33,7904,mysqld.exe,0.0,26.39
2026-10-09T16:44:10.251777+00:00,54.33,9600,php.exe,3.1,49.95
2026-10-09T16:44:10.252127+00:00,54.33,5096,mysqld.exe,154.7,512.02
2026-10-09T16:44:10.252127+00:00,54.33,7904,mysqld.exe,0.0,26.39
2026-10-09T16:44:11.267188+00:00,55.34,9600,php.exe,0.0,49.95
2026-10-09T16:44:11.267188+00:00,55.34,5096,mysqld.exe,178.6,512.05
2026-10-09T16:44:11.267188+00:00,55.34,7904,mysqld.exe,0.0,26.39
2026-10-09T16:44:12.279566+00:00,56.36,9600,php.exe,4.6,49.95
2026-10-09T16:44:12.280564+00:00,56.36,5096,mysqld.exe,166.1,512.05
2026-10-09T16:44:12.280564+00:00,56.36,7904,mysqld.exe,0.0,26.39
2026-10-09T16:44:13.284140+00:00,57.36,9600,php.exe,3.1,49.95
2026-10-09T16:44:13.284140+00:00,57.36,5096,mysqld.exe,160.9,511.99
2026-10-09T16:44:13.284140+00:00,57.36,7904,mysqld.exe,0.0,26.39
2026-10-09T16:44:14.285519+00:00,58.36,9600,php.exe,0.0,49.95
2026-10-09T16:44:14.285519+00:00,58.36,5096,mysqld.exe,175.0,512.05
2026-10-09T16:44:14.285519+00:00,58.36,7904,mysqld.exe,0.0,26.39
2026-10-09T16:44:15.300469+00:00,59.38,9600,php.exe,6.2,49.95
2026-10-09T16:44:15.300469+00:00,59.38,5096,mysqld.exe,163.0,512.04
2026-10-09T16:44:15.300469+00:00,59.38,7904,mysqld.exe,0.0,26.39
2026-10-09T16:44:16.301345+00:00,60.38,9600,php.exe,3.1,49.95
2026-10-09T16:44:16.301345+00:00,60.38,5096,mysqld.exe,150.0,511.96
2026-10-09T16:44:16.301345+00:00,60.38,7904,mysqld.exe,0.0,26.39
2026-10-09T16:44:17.301392+00:00,61.38,9600,php.exe,0.0,49.95
2026-10-09T16:44:17.301392+00:00,61.38,5096,mysqld.exe,176.6,512.05
2026-10-09T16:44:17.301392+00:00,61.38,7904,mysqld.exe,0.0,26.39
2026-10-09T16:44:18.301525+00:00,62.38,9600,php.exe,9.4,49.95
2026-10-09T16:44:18.301525+00:00,62.38,5096,mysqld.exe,118.8,511.98
2026-10-09T16:44:18.301525+00:00,62.38,7904,mysqld.exe,0.0,26.39
2026-10-09T16:44:19.317585+00:00,63.39,9600,php.exe,0.0,49.95
2026-10-09T16:44:19.318744+00:00,63.39,5096,mysqld.exe,187.8,512.05
2026-10-09T16:44:19.318744+00:00,63.39,7904,mysqld.exe,0.0,26.39
2026-10-09T16:44:20.323940+00:00,64.41,9600,php.exe,3.1,49.95
2026-10-09T16:44:20.323940+00:00,64.41,5096,mysqld.exe,158.4,512.02
2026-10-09T16:44:20.323940+00:00,64.41,7904,mysqld.exe,0.0,26.39
2026-10-09T16:44:21.326329+00:00,65.41,9600,php.exe,6.2,49.95
2026-10-09T16:44:21.326329+00:00,65.41,5096,mysqld.exe,159.4,511.95
2026-10-09T16:44:21.326329+00:00,65.41,7904,mysqld.exe,0.0,26.39
2026-10-09T16:44:22.329506+00:00,66.41,9600,php.exe,0.0,49.95
2026-10-09T16:44:22.329506+00:00,66.41,5096,mysqld.exe,160.9,512.05
2026-10-09T16:44:22.329506+00:00,66.41,7904,mysqld.exe,0.0,26.39
2026-10-09T16:44:23.334583+00:00,67.41,9600,php.exe,3.1,49.95
2026-10-09T16:44:23.334583+00:00,67.41,5096,mysqld.exe,203.1,512.03
2026-10-09T16:44:23.334583+00:00,67.41,7904,mysqld.exe,0.0,26.39
2026-10-09T16:44:24.342303+00:00,68.42,9600,php.exe,6.2,49.95
2026-10-09T16:44:24.342303+00:00,68.42,5096,mysqld.exe,166.1,511.9
2026-10-09T16:44:24.342303+00:00,68.42,7904,mysqld.exe,0.0,26.39
2026-10-09T16:44:25.350949+00:00,69.42,9600,php.exe,0.0,49.95
2026-10-09T16:44:25.350949+00:00,69.42,5096,mysqld.exe,167.2,512.04
2026-10-09T16:44:25.350949+00:00,69.42,7904,mysqld.exe,0.0,26.39
2026-10-09T16:44:26.365701+00:00,70.44,9600,php.exe,4.6,49.95
2026-10-09T16:44:26.365701+00:00,70.44,5096,mysqld.exe,175.5,512.02
2026-10-09T16:44:26.365701+00:00,70.44,7904,mysqld.exe,0.0,26.39
2026-10-09T16:44:27.380551+00:00,71.45,9600,php.exe,0.0,49.95
2026-10-09T16:44:27.380551+00:00,71.45,5096,mysqld.exe,133.8,512.05
2026-10-09T16:44:27.380551+00:00,71.45,7904,mysqld.exe,0.0,26.39
2026-10-09T16:44:28.382564+00:00,72.45,9600,php.exe,3.1,49.95
2026-10-09T16:44:28.382564+00:00,72.45,5096,mysqld.exe,51.6,511.79
2026-10-09T16:44:28.382564+00:00,72.45,7904,mysqld.exe,0.0,26.39
2026-10-09T16:44:29.383780+00:00,73.45,9600,php.exe,0.0,49.95
2026-10-09T16:44:29.383780+00:00,73.45,5096,mysqld.exe,0.0,511.79
2026-10-09T16:44:29.384780+00:00,73.45,7904,mysqld.exe,0.0,26.39
2026-10-09T16:44:30.385163+00:00,74.45,9600,php.exe,0.0,49.95
2026-10-09T16:44:30.385163+00:00,74.45,5096,mysqld.exe,1.6,511.79
2026-10-09T16:44:30.385163+00:00,74.45,7904,mysqld.exe,0.0,26.39
2026-10-09T16:44:31.399075+00:00,75.47,9600,php.exe,0.0,49.95
2026-10-09T16:44:31.399075+00:00,75.47,5096,mysqld.exe,0.0,511.79
2026-10-09T16:44:31.399075+00:00,75.47,7904,mysqld.exe,0.0,26.39
2026-10-09T16:44:32.413160+00:00,76.48,9600,php.exe,0.0,49.95
2026-10-09T16:44:32.413160+00:00,76.48,5096,mysqld.exe,0.0,511.79
2026-10-09T16:44:32.413160+00:00,76.48,7904,mysqld.exe,0.0,26.39
2026-10-09T16:44:33.415464+00:00,77.48,9600,php.exe,0.0,49.95
2026-10-09T16:44:33.415464+00:00,77.48,5096,mysqld.exe,0.0,511.79
2026-10-09T16:44:33.415464+00:00,77.48,7904,mysqld.exe,0.0,26.39
2026-10-09T16:44:34.430668+00:00,78.5,9600,php.exe,0.0,49.95
2026-10-09T16:44:34.430668+00:00,78.5,5096,mysqld.exe,0.0,511.79
2026-10-09T16:44:34.430668+00:00,78.5,7904,mysqld.exe,0.0,26.39
2026-10-09T16:44:35.430862+00:00,79.5,9600,php.exe,0.0,49.95
2026-10-09T16:44:35.430862+00:00,79.5,5096,mysqld.exe,3.1,511.79
2026-10-09T16:44:35.430862+00:00,79.5,7904,mysqld.exe,0.0,26.39
2026-10-09T16:44:36.445369+00:00,80.51,9600,php.exe,0.0,49.95
2026-10-09T16:44:36.445369+00:00,80.51,5096,mysqld.exe,0.0,511.79
2026-10-09T16:44:36.445369+00:00,80.51,7904,mysqld.exe,0.0,26.39
2026-10-09T16:44:37.459746+00:00,81.53,9600,php.exe,0.0,49.95
2026-10-09T16:44:37.459746+00:00,81.53,5096,mysqld.exe,1.5,511.79
2026-10-09T16:44:37.459746+00:00,81.53,7904,mysqld.exe,0.0,26.39
2026-10-09T16:44:38.462141+00:00,82.53,9600,php.exe,0.0,49.95
2026-10-09T16:44:38.462141+00:00,82.53,5096,mysqld.exe,1.6,511.79
2026-10-09T16:44:38.462141+00:00,82.53,7904,mysqld.exe,0.0,26.39
2026-10-09T16:44:39.462635+00:00,83.53,9600,php.exe,0.0,49.95
2026-10-09T16:44:39.462635+00:00,83.53,5096,mysqld.exe,0.0,511.79
2026-10-09T16:44:39.462635+00:00,83.53,7904,mysqld.exe,0.0,26.39
2026-10-09T16:44:40.477571+00:00,84.55,9600,php.exe,0.0,49.95
2026-10-09T16:44:40.477571+00:00,84.55,5096,mysqld.exe,0.0,511.79
2026-10-09T16:44:40.477571+00:00,84.55,7904,mysqld.exe,0.0,26.39
2026-10-09T16:44:41.478870+00:00,85.55,9600,php.exe,0.0,49.95
2026-10-09T16:44:41.478870+00:00,85.55,5096,mysqld.exe,0.0,511.79
2026-10-09T16:44:41.478870+00:00,85.55,7904,mysqld.exe,0.0,26.39
2026-10-09T16:44:42.481210+00:00,86.56,9600,php.exe,0.0,49.95
2026-10-09T16:44:42.481529+00:00,86.56,5096,mysqld.exe,0.0,511.79
2026-10-09T16:44:42.481529+00:00,86.56,7904,mysqld.exe,0.0,26.39
2026-10-09T16:44:43.496715+00:00,87.58,9600,php.exe,0.0,49.95
2026-10-09T16:44:43.496715+00:00,87.58,5096,mysqld.exe,3.1,511.79
2026-10-09T16:44:43.496715+00:00,87.58,7904,mysqld.exe,0.0,26.39
2026-10-09T16:44:44.497216+00:00,88.58,9600,php.exe,0.0,49.95
2026-10-09T16:44:44.497542+00:00,88.58,5096,mysqld.exe,0.0,511.79
2026-10-09T16:44:44.497542+00:00,88.58,7904,mysqld.exe,0.0,26.39
2026-10-09T16:44:45.512174+00:00,89.59,9600,php.exe,0.0,49.95
2026-10-09T16:44:45.512174+00:00,89.59,5096,mysqld.exe,0.0,511.79
2026-10-09T16:44:45.512174+00:00,89.59,7904,mysqld.exe,0.0,26.39
2026-10-09T16:44:46.527473+00:00,90.61,9600,php.exe,0.0,49.95
2026-10-09T16:44:46.527473+00:00,90.61,5096,mysqld.exe,0.0,511.79
2026-10-09T16:44:46.527473+00:00,90.61,7904,mysqld.exe,0.0,26.39
2026-10-09T16:44:47.542895+00:00,91.62,9600,php.exe,0.0,49.95
2026-10-09T16:44:47.542895+00:00,91.62,5096,mysqld.exe,0.0,511.79
2026-10-09T16:44:47.542895+00:00,91.62,7904,mysqld.exe,0.0,26.39
2026-10-09T16:44:48.543236+00:00,92.62,9600,php.exe,0.0,49.95
2026-10-09T16:44:48.543236+00:00,92.62,5096,mysqld.exe,0.0,511.79
2026-10-09T16:44:48.543236+00:00,92.62,7904,mysqld.exe,0.0,26.39
2026-10-09T16:44:49.543442+00:00,93.62,9600,php.exe,0.0,49.95
2026-10-09T16:44:49.543442+00:00,93.62,5096,mysqld.exe,0.0,511.79
2026-10-09T16:44:49.543442+00:00,93.62,7904,mysqld.exe,0.0,26.39
2026-10-09T16:44:50.559273+00:00,94.64,9600,php.exe,0.0,49.95
2026-10-09T16:44:50.559273+00:00,94.64,5096,mysqld.exe,0.0,511.79
2026-10-09T16:44:50.559273+00:00,94.64,7904,mysqld.exe,0.0,26.39
2026-10-09T16:44:51.575523+00:00,95.66,9600,php.exe,0.0,49.95
2026-10-09T16:44:51.576497+00:00,95.66,5096,mysqld.exe,0.0,511.79
2026-10-09T16:44:51.576497+00:00,95.66,7904,mysqld.exe,0.0,26.39
2026-10-09T16:44:52.578163+00:00,96.66,9600,php.exe,0.0,49.95
2026-10-09T16:44:52.578163+00:00,96.66,5096,mysqld.exe,0.0,511.79
2026-10-09T16:44:52.579185+00:00,96.66,7904,mysqld.exe,0.0,26.39
2026-10-09T16:44:53.583216+00:00,97.66,9600,php.exe,0.0,49.95
2026-10-09T16:44:53.583216+00:00,97.66,5096,mysqld.exe,0.0,511.79
2026-10-09T16:44:53.583216+00:00,97.66,7904,mysqld.exe,0.0,26.39
2026-10-09T16:44:54.593363+00:00,98.67,9600,php.exe,0.0,49.95
2026-10-09T16:44:54.593363+00:00,98.67,5096,mysqld.exe,0.0,511.79
2026-10-09T16:44:54.593363+00:00,98.67,7904,mysqld.exe,0.0,26.39
2026-10-09T16:44:55.595054+00:00,99.67,9600,php.exe,0.0,49.95
2026-10-09T16:44:55.595054+00:00,99.67,5096,mysqld.exe,1.6,511.79
2026-10-09T16:44:55.595054+00:00,99.67,7904,mysqld.exe,0.0,26.39
2026-10-09T16:44:56.611954+00:00,100.69,9600,php.exe,0.0,49.95
2026-10-09T16:44:56.611954+00:00,100.69,5096,mysqld.exe,6.2,511.79
2026-10-09T16:44:56.611954+00:00,100.69,7904,mysqld.exe,0.0,26.39
2026-10-09T16:44:57.624948+00:00,101.7,9600,php.exe,0.0,49.95
2026-10-09T16:44:57.624948+00:00,101.7,5096,mysqld.exe,0.0,511.79
2026-10-09T16:44:57.624948+00:00,101.7,7904,mysqld.exe,0.0,26.39
2026-10-09T16:44:58.627144+00:00,102.7,9600,php.exe,6.2,49.93
2026-10-09T16:44:58.627144+00:00,102.7,5096,mysqld.exe,100.0,512.03
2026-10-09T16:44:58.627144+00:00,102.7,7904,mysqld.exe,0.0,26.39
2026-10-09T16:44:59.630857+00:00,103.7,9600,php.exe,1.6,49.93
2026-10-09T16:44:59.630857+00:00,103.7,5096,mysqld.exe,146.9,511.79
2026-10-09T16:44:59.630857+00:00,103.7,7904,mysqld.exe,0.0,26.39
2026-10-09T16:45:00.643490+00:00,104.72,9600,php.exe,1.5,49.93
2026-10-09T16:45:00.643490+00:00,104.72,5096,mysqld.exe,150.9,512.05
2026-10-09T16:45:00.643490+00:00,104.72,7904,mysqld.exe,0.0,26.39
2026-10-09T16:45:01.643787+00:00,105.72,9600,php.exe,6.2,49.93
2026-10-09T16:45:01.643787+00:00,105.72,5096,mysqld.exe,142.2,512.02
2026-10-09T16:45:01.643787+00:00,105.72,7904,mysqld.exe,0.0,26.39
2026-10-09T16:45:02.661014+00:00,106.73,9600,php.exe,3.1,49.93
2026-10-09T16:45:02.661014+00:00,106.73,5096,mysqld.exe,164.6,511.9
2026-10-09T16:45:02.661014+00:00,106.73,7904,mysqld.exe,0.0,26.39
2026-10-09T16:45:03.661172+00:00,107.73,9600,php.exe,0.0,49.93
2026-10-09T16:45:03.661172+00:00,107.73,5096,mysqld.exe,153.1,512.04
2026-10-09T16:45:03.661172+00:00,107.73,7904,mysqld.exe,0.0,26.39
2026-10-09T16:45:04.670767+00:00,108.75,9600,php.exe,4.6,49.93
2026-10-09T16:45:04.670767+00:00,108.75,5096,mysqld.exe,141.5,512.04
2026-10-09T16:45:04.670767+00:00,108.75,7904,mysqld.exe,0.0,26.39
2026-10-09T16:45:05.673677+00:00,109.75,9600,php.exe,3.1,49.93
2026-10-09T16:45:05.673677+00:00,109.75,5096,mysqld.exe,153.1,511.96
2026-10-09T16:45:05.673677+00:00,109.75,7904,mysqld.exe,0.0,26.39
2026-10-09T16:45:06.676207+00:00,110.75,9600,php.exe,0.0,49.93
2026-10-09T16:45:06.676207+00:00,110.75,5096,mysqld.exe,157.8,512.05
2026-10-09T16:45:06.676207+00:00,110.75,7904,mysqld.exe,0.0,26.39
2026-10-09T16:45:07.677073+00:00,111.75,9600,php.exe,29.7,49.93
2026-10-09T16:45:07.677073+00:00,111.75,5096,mysqld.exe,81.2,511.91
2026-10-09T16:45:07.677656+00:00,111.75,7904,mysqld.exe,0.0,26.39
2026-10-09T16:45:08.692234+00:00,112.76,9600,php.exe,0.0,49.93
2026-10-09T16:45:08.692234+00:00,112.76,5096,mysqld.exe,155.5,512.06
2026-10-09T16:45:08.692234+00:00,112.76,7904,mysqld.exe,0.0,26.39
2026-10-09T16:45:09.705771+00:00,113.78,9600,php.exe,21.5,49.93
2026-10-09T16:45:09.705771+00:00,113.78,5096,mysqld.exe,110.7,512.03
2026-10-09T16:45:09.705771+00:00,113.78,7904,mysqld.exe,0.0,26.39
2026-10-09T16:45:10.710129+00:00,114.78,9600,php.exe,0.0,49.93
2026-10-09T16:45:10.710129+00:00,114.78,5096,mysqld.exe,187.5,514.28
2026-10-09T16:45:10.710129+00:00,114.78,7904,mysqld.exe,0.0,26.39
2026-10-09T16:45:11.725215+00:00,115.8,9600,php.exe,27.7,49.93
2026-10-09T16:45:11.725215+00:00,115.8,5096,mysqld.exe,103.0,512.05
2026-10-09T16:45:11.725215+00:00,115.8,7904,mysqld.exe,0.0,26.39
2026-10-09T16:45:12.733376+00:00,116.81,9600,php.exe,4.6,49.93
2026-10-09T16:45:12.733376+00:00,116.81,5096,mysqld.exe,144.7,512.0
2026-10-09T16:45:12.733376+00:00,116.81,7904,mysqld.exe,0.0,26.39
2026-10-09T16:45:13.740820+00:00,117.81,9600,php.exe,0.0,49.93
2026-10-09T16:45:13.740820+00:00,117.81,5096,mysqld.exe,173.4,512.06
2026-10-09T16:45:13.740820+00:00,117.81,7904,mysqld.exe,0.0,26.39
2026-10-09T16:45:14.742993+00:00,118.81,9600,php.exe,4.7,49.93
2026-10-09T16:45:14.742993+00:00,118.81,5096,mysqld.exe,143.8,512.06
2026-10-09T16:45:14.742993+00:00,118.81,7904,mysqld.exe,0.0,26.39
2026-10-09T16:45:15.758224+00:00,119.83,9600,php.exe,23.1,49.93
2026-10-09T16:45:15.758224+00:00,119.83,5096,mysqld.exe,129.2,511.8
2026-10-09T16:45:15.758224+00:00,119.83,7904,mysqld.exe,0.0,26.39
2026-10-09T16:45:16.772813+00:00,120.84,9600,php.exe,0.0,49.93
2026-10-09T16:45:16.772813+00:00,120.84,5096,mysqld.exe,174.0,512.05
2026-10-09T16:45:16.772813+00:00,120.84,7904,mysqld.exe,0.0,26.39
2026-10-09T16:45:17.785513+00:00,121.86,9600,php.exe,6.2,49.93
2026-10-09T16:45:17.785513+00:00,121.86,5096,mysqld.exe,146.1,512.05
2026-10-09T16:45:17.785513+00:00,121.86,7904,mysqld.exe,0.0,26.39
2026-10-09T16:45:18.790792+00:00,122.86,9600,php.exe,3.1,49.93
2026-10-09T16:45:18.790792+00:00,122.86,5096,mysqld.exe,154.7,511.96
2026-10-09T16:45:18.790792+00:00,122.86,7904,mysqld.exe,0.0,26.39
2026-10-09T16:45:19.792253+00:00,123.88,9600,php.exe,0.0,49.93
2026-10-09T16:45:19.792253+00:00,123.88,5096,mysqld.exe,161.5,512.06
2026-10-09T16:45:19.792253+00:00,123.88,7904,mysqld.exe,0.0,26.39
2026-10-09T16:45:20.806921+00:00,124.88,9600,php.exe,6.2,49.93
2026-10-09T16:45:20.806921+00:00,124.88,5096,mysqld.exe,142.2,512.06
2026-10-09T16:45:20.806921+00:00,124.88,7904,mysqld.exe,0.0,26.39
2026-10-09T16:45:21.807077+00:00,125.88,9600,php.exe,3.1,49.93
2026-10-09T16:45:21.807077+00:00,125.88,5096,mysqld.exe,146.9,511.99
2026-10-09T16:45:21.807077+00:00,125.88,7904,mysqld.exe,0.0,26.39
2026-10-09T16:45:22.821176+00:00,126.89,9600,php.exe,0.0,49.93
2026-10-09T16:45:22.821176+00:00,126.89,5096,mysqld.exe,152.4,512.06
2026-10-09T16:45:22.821176+00:00,126.89,7904,mysqld.exe,0.0,26.39
2026-10-09T16:45:23.823060+00:00,127.89,9600,php.exe,6.2,49.93
2026-10-09T16:45:23.823060+00:00,127.89,5096,mysqld.exe,134.4,512.05
2026-10-09T16:45:23.823060+00:00,127.89,7904,mysqld.exe,0.0,26.39
2026-10-09T16:45:24.830834+00:00,128.91,9600,php.exe,4.6,49.93
2026-10-09T16:45:24.831203+00:00,128.91,5096,mysqld.exe,132.3,512.02
2026-10-09T16:45:24.831203+00:00,128.91,7904,mysqld.exe,0.0,26.39
2026-10-09T16:45:25.834017+00:00,129.91,9600,php.exe,0.0,49.93
2026-10-09T16:45:25.834017+00:00,129.91,5096,mysqld.exe,157.8,514.27
2026-10-09T16:45:25.834017+00:00,129.91,7904,mysqld.exe,0.0,26.39
2026-10-09T16:45:26.838254+00:00,130.91,9600,php.exe,3.1,49.93
2026-10-09T16:45:26.838254+00:00,130.91,5096,mysqld.exe,135.9,512.05
2026-10-09T16:45:26.838254+00:00,130.91,7904,mysqld.exe,0.0,26.39
2026-10-09T16:45:27.838841+00:00,131.91,9600,php.exe,6.2,49.93
2026-10-09T16:45:27.838841+00:00,131.91,5096,mysqld.exe,140.6,512.04
2026-10-09T16:45:27.838841+00:00,131.91,7904,mysqld.exe,0.0,26.39
2026-10-09T16:45:28.852499+00:00,132.92,9600,php.exe,0.0,49.93
2026-10-09T16:45:28.852499+00:00,132.92,5096,mysqld.exe,161.5,514.27
2026-10-09T16:45:28.852499+00:00,132.92,7904,mysqld.exe,0.0,26.39
2026-10-09T16:45:29.853397+00:00,133.92,9600,php.exe,3.1,49.93
2026-10-09T16:45:29.853397+00:00,133.92,5096,mysqld.exe,173.4,512.05
2026-10-09T16:45:29.853397+00:00,133.92,7904,mysqld.exe,0.0,26.39
2026-10-09T16:45:30.857165+00:00,134.94,9600,php.exe,6.2,49.93
2026-10-09T16:45:30.857165+00:00,134.94,5096,mysqld.exe,160.1,512.03
2026-10-09T16:45:30.857165+00:00,134.94,7904,mysqld.exe,0.0,26.39
2026-10-09T16:45:31.868096+00:00,135.94,9600,php.exe,0.0,49.93
2026-10-09T16:45:31.868096+00:00,135.94,5096,mysqld.exe,185.9,512.07
2026-10-09T16:45:31.868096+00:00,135.94,7904,mysqld.exe,0.0,26.39
2026-10-09T16:45:32.874701+00:00,136.95,9600,php.exe,3.1,49.93
2026-10-09T16:45:32.874701+00:00,136.95,5096,mysqld.exe,146.1,512.06
2026-10-09T16:45:32.874701+00:00,136.95,7904,mysqld.exe,0.0,26.39
2026-10-09T16:45:33.890019+00:00,137.97,9600,php.exe,4.6,49.93
2026-10-09T16:45:33.890019+00:00,137.97,5096,mysqld.exe,133.9,512.04
2026-10-09T16:45:33.890019+00:00,137.97,7904,mysqld.exe,0.0,26.39
2026-10-09T16:45:34.901302+00:00,138.97,9600,php.exe,0.0,49.93
2026-10-09T16:45:34.901302+00:00,138.97,5096,mysqld.exe,146.9,514.28
2026-10-09T16:45:34.901302+00:00,138.97,7904,mysqld.exe,0.0,26.39
2026-10-09T16:45:35.904950+00:00,139.98,9600,php.exe,1.5,49.93
2026-10-09T16:45:35.904950+00:00,139.98,5096,mysqld.exe,144.6,512.05
2026-10-09T16:45:35.904950+00:00,139.98,7904,mysqld.exe,0.0,26.39
2026-10-09T16:45:36.904951+00:00,140.98,9600,php.exe,7.8,49.93
2026-10-09T16:45:36.905302+00:00,140.98,5096,mysqld.exe,120.3,512.0
2026-10-09T16:45:36.905302+00:00,140.98,7904,mysqld.exe,0.0,26.39
2026-10-09T16:45:37.905456+00:00,141.98,9600,php.exe,0.0,49.93
2026-10-09T16:45:37.905456+00:00,141.98,5096,mysqld.exe,167.2,512.05
2026-10-09T16:45:37.905456+00:00,141.98,7904,mysqld.exe,0.0,26.39
2026-10-09T16:45:38.906085+00:00,142.98,9600,php.exe,3.1,49.93
2026-10-09T16:45:38.906085+00:00,142.98,5096,mysqld.exe,139.1,512.06
2026-10-09T16:45:38.906085+00:00,142.98,7904,mysqld.exe,0.0,26.39
2026-10-09T16:45:39.920877+00:00,144.0,9600,php.exe,4.6,49.93
2026-10-09T16:45:39.920877+00:00,144.0,5096,mysqld.exe,156.9,511.98
2026-10-09T16:45:39.920877+00:00,144.0,7904,mysqld.exe,0.0,26.39
2026-10-09T16:45:40.922272+00:00,145.0,9600,php.exe,0.0,49.93
2026-10-09T16:45:40.922272+00:00,145.0,5096,mysqld.exe,157.8,512.05
2026-10-09T16:45:40.922272+00:00,145.0,7904,mysqld.exe,0.0,26.39
2026-10-09T16:45:41.925220+00:00,146.0,9600,php.exe,1.6,49.93
2026-10-09T16:45:41.925569+00:00,146.0,5096,mysqld.exe,170.3,512.05
2026-10-09T16:45:41.925569+00:00,146.0,7904,mysqld.exe,0.0,26.39
2026-10-09T16:45:42.938273+00:00,147.01,9600,php.exe,7.7,49.93
2026-10-09T16:45:42.938273+00:00,147.01,5096,mysqld.exe,147.8,511.99
2026-10-09T16:45:42.938273+00:00,147.01,7904,mysqld.exe,0.0,26.39
2026-10-09T16:45:43.945060+00:00,148.01,9600,php.exe,0.0,49.93
2026-10-09T16:45:43.945060+00:00,148.01,5096,mysqld.exe,110.9,512.06
2026-10-09T16:45:43.945060+00:00,148.01,7904,mysqld.exe,0.0,26.39
2026-10-09T16:45:44.965730+00:00,149.05,9600,php.exe,0.0,49.93
2026-10-09T16:45:44.966730+00:00,149.05,5096,mysqld.exe,93.9,512.06
2026-10-09T16:45:44.966730+00:00,149.05,7904,mysqld.exe,0.0,26.39
2026-10-09T16:45:45.970336+00:00,150.05,9600,php.exe,12.5,49.93
2026-10-09T16:45:45.970336+00:00,150.05,5096,mysqld.exe,139.1,512.05
2026-10-09T16:45:45.970336+00:00,150.05,7904,mysqld.exe,0.0,26.39
2026-10-09T16:45:46.970682+00:00,151.05,9600,php.exe,0.0,49.93
2026-10-09T16:45:46.970682+00:00,151.05,5096,mysqld.exe,164.1,514.27
2026-10-09T16:45:46.970682+00:00,151.05,7904,mysqld.exe,0.0,26.39
2026-10-09T16:45:47.987918+00:00,152.06,9600,php.exe,26.2,49.93
2026-10-09T16:45:47.988424+00:00,152.06,5096,mysqld.exe,123.2,512.07
2026-10-09T16:45:47.988424+00:00,152.06,7904,mysqld.exe,0.0,26.39
2026-10-09T16:45:49.011058+00:00,153.09,9600,php.exe,0.0,49.93
2026-10-09T16:45:49.011058+00:00,153.09,5096,mysqld.exe,150.0,511.82
2026-10-09T16:45:49.011058+00:00,153.09,7904,mysqld.exe,0.0,26.39
2026-10-09T16:45:50.021053+00:00,154.09,9600,php.exe,7.8,49.93
2026-10-09T16:45:50.023062+00:00,154.09,5096,mysqld.exe,70.3,512.04
2026-10-09T16:45:50.023062+00:00,154.09,7904,mysqld.exe,0.0,26.39
2026-10-09T16:45:51.034401+00:00,155.11,9600,php.exe,0.0,49.93
2026-10-09T16:45:51.034401+00:00,155.11,5096,mysqld.exe,178.4,512.06
2026-10-09T16:45:51.034401+00:00,155.11,7904,mysqld.exe,0.0,26.39
2026-10-09T16:45:52.035448+00:00,156.11,9600,php.exe,7.8,49.93
2026-10-09T16:45:52.035448+00:00,156.11,5096,mysqld.exe,134.4,512.05
2026-10-09T16:45:52.035448+00:00,156.11,7904,mysqld.exe,0.0,26.39
2026-10-09T16:45:53.050620+00:00,157.12,9600,php.exe,3.1,49.93
2026-10-09T16:45:53.050620+00:00,157.12,5096,mysqld.exe,144.6,511.96
2026-10-09T16:45:53.050620+00:00,157.12,7904,mysqld.exe,0.0,26.39
2026-10-09T16:45:54.051297+00:00,158.12,9600,php.exe,0.0,49.93
2026-10-09T16:45:54.051297+00:00,158.12,5096,mysqld.exe,150.0,512.05
2026-10-09T16:45:54.051297+00:00,158.12,7904,mysqld.exe,0.0,26.39
2026-10-09T16:45:55.065817+00:00,159.14,9600,php.exe,10.8,50.04
2026-10-09T16:45:55.065817+00:00,159.14,5096,mysqld.exe,143.2,512.04
2026-10-09T16:45:55.065817+00:00,159.14,7904,mysqld.exe,0.0,26.39
2026-10-09T16:45:56.066425+00:00,160.14,9600,php.exe,0.0,50.04
2026-10-09T16:45:56.066425+00:00,160.14,5096,mysqld.exe,159.4,512.06
2026-10-09T16:45:56.066425+00:00,160.14,7904,mysqld.exe,0.0,26.39
2026-10-09T16:45:57.078447+00:00,161.16,9600,php.exe,1.5,50.04
2026-10-09T16:45:57.078447+00:00,161.16,5096,mysqld.exe,139.9,512.06
2026-10-09T16:45:57.079450+00:00,161.16,7904,mysqld.exe,0.0,26.39
2026-10-09T16:45:58.087884+00:00,162.16,9600,php.exe,0.0,50.04
2026-10-09T16:45:58.087884+00:00,162.16,5096,mysqld.exe,60.9,512.06
2026-10-09T16:45:58.087884+00:00,162.16,7904,mysqld.exe,0.0,26.39
2026-10-09T16:45:59.099148+00:00,163.17,9600,php.exe,9.2,50.04
2026-10-09T16:45:59.099148+00:00,163.17,5096,mysqld.exe,155.3,511.95
2026-10-09T16:45:59.099148+00:00,163.17,7904,mysqld.exe,0.0,26.39
2026-10-09T16:46:00.102795+00:00,164.17,9600,php.exe,0.0,50.04
2026-10-09T16:46:00.102795+00:00,164.17,5096,mysqld.exe,168.8,512.05
2026-10-09T16:46:00.102795+00:00,164.17,7904,mysqld.exe,0.0,26.39
2026-10-09T16:46:01.105181+00:00,165.19,9600,php.exe,3.1,50.04
2026-10-09T16:46:01.105181+00:00,165.19,5096,mysqld.exe,161.6,512.05
2026-10-09T16:46:01.105181+00:00,165.19,7904,mysqld.exe,0.0,26.39
2026-10-09T16:46:02.117513+00:00,166.19,9600,php.exe,0.0,50.04
2026-10-09T16:46:02.117513+00:00,166.19,5096,mysqld.exe,160.9,512.05
2026-10-09T16:46:02.118516+00:00,166.19,7904,mysqld.exe,0.0,26.39
2026-10-09T16:46:03.131452+00:00,167.2,9600,php.exe,9.2,50.04
2026-10-09T16:46:03.131452+00:00,167.2,5096,mysqld.exe,132.3,512.05
2026-10-09T16:46:03.131452+00:00,167.2,7904,mysqld.exe,0.0,26.39
2026-10-09T16:46:04.137074+00:00,168.22,9600,php.exe,0.0,50.04
2026-10-09T16:46:04.137074+00:00,168.22,5096,mysqld.exe,50.8,512.06
2026-10-09T16:46:04.138074+00:00,168.22,7904,mysqld.exe,0.0,26.39
2026-10-09T16:46:05.151058+00:00,169.22,9600,php.exe,0.0,50.04
2026-10-09T16:46:05.151058+00:00,169.22,5096,mysqld.exe,164.1,514.27
2026-10-09T16:46:05.151058+00:00,169.22,7904,mysqld.exe,0.0,26.39
2026-10-09T16:46:06.166218+00:00,170.23,9600,php.exe,7.7,50.04
2026-10-09T16:46:06.166218+00:00,170.23,5096,mysqld.exe,139.9,512.06
2026-10-09T16:46:06.167220+00:00,170.25,7904,mysqld.exe,0.0,26.39
2026-10-09T16:46:07.174501+00:00,171.25,9600,php.exe,3.1,50.04
2026-10-09T16:46:07.174501+00:00,171.25,5096,mysqld.exe,143.0,511.95
2026-10-09T16:46:07.174501+00:00,171.25,7904,mysqld.exe,0.0,26.39
2026-10-09T16:46:08.183753+00:00,172.26,9600,php.exe,0.0,50.04
2026-10-09T16:46:08.183753+00:00,172.26,5096,mysqld.exe,147.8,512.05
2026-10-09T16:46:08.183753+00:00,172.26,7904,mysqld.exe,0.0,26.39
2026-10-09T16:46:09.210113+00:00,173.28,9600,php.exe,7.7,50.04
2026-10-09T16:46:09.210113+00:00,173.28,5096,mysqld.exe,141.5,512.04
2026-10-09T16:46:09.210113+00:00,173.28,7904,mysqld.exe,0.0,26.39
2026-10-09T16:46:10.241596+00:00,174.31,9600,php.exe,0.0,50.04
2026-10-09T16:46:10.241596+00:00,174.31,5096,mysqld.exe,101.5,512.05
2026-10-09T16:46:10.241596+00:00,174.31,7904,mysqld.exe,0.0,26.39
2026-10-09T16:46:11.251064+00:00,175.33,9600,php.exe,0.0,50.04
2026-10-09T16:46:11.251064+00:00,175.33,5096,mysqld.exe,130.7,511.82
2026-10-09T16:46:11.251064+00:00,175.33,7904,mysqld.exe,0.0,26.39
2026-10-09T16:46:12.267643+00:00,176.34,9600,php.exe,10.8,50.04
2026-10-09T16:46:12.267643+00:00,176.34,5096,mysqld.exe,98.5,512.02
2026-10-09T16:46:12.267643+00:00,176.34,7904,mysqld.exe,0.0,26.39
2026-10-09T16:46:13.269081+00:00,177.34,9600,php.exe,0.0,50.04
2026-10-09T16:46:13.269081+00:00,177.34,5096,mysqld.exe,178.1,512.06
2026-10-09T16:46:13.270203+00:00,177.34,7904,mysqld.exe,0.0,26.39
2026-10-09T16:46:14.288649+00:00,178.36,9600,php.exe,3.1,50.04
2026-10-09T16:46:14.288649+00:00,178.36,5096,mysqld.exe,159.9,512.06
2026-10-09T16:46:14.288649+00:00,178.36,7904,mysqld.exe,0.0,26.39
2026-10-09T16:46:15.292006+00:00,179.38,9600,php.exe,0.0,50.04
2026-10-09T16:46:15.292006+00:00,179.38,5096,mysqld.exe,170.7,512.06
2026-10-09T16:46:15.292006+00:00,179.38,7904,mysqld.exe,0.0,26.39
2026-10-09T16:46:16.300024+00:00,180.38,9600,php.exe,9.4,50.04
2026-10-09T16:46:16.300024+00:00,180.38,5096,mysqld.exe,179.7,512.06
2026-10-09T16:46:16.300024+00:00,180.38,7904,mysqld.exe,0.0,26.39
2026-10-09T16:46:17.307628+00:00,181.39,9600,php.exe,10.8,50.04
2026-10-09T16:46:17.307628+00:00,181.39,5096,mysqld.exe,160.1,511.8
2026-10-09T16:46:17.307628+00:00,181.39,7904,mysqld.exe,0.0,26.39
2026-10-09T16:46:18.319127+00:00,182.39,9600,php.exe,12.5,50.04
2026-10-09T16:46:18.319127+00:00,182.39,5096,mysqld.exe,140.6,512.06
2026-10-09T16:46:18.319127+00:00,182.39,7904,mysqld.exe,0.0,26.39
2026-10-09T16:46:19.330178+00:00,183.41,9600,php.exe,6.2,50.04
2026-10-09T16:46:19.330178+00:00,183.41,5096,mysqld.exe,130.7,511.8
2026-10-09T16:46:19.330178+00:00,183.41,7904,mysqld.exe,0.0,26.39
2026-10-09T16:46:20.344942+00:00,184.42,9600,php.exe,6.2,50.04
2026-10-09T16:46:20.344942+00:00,184.42,5096,mysqld.exe,126.1,512.04
2026-10-09T16:46:20.344942+00:00,184.42,7904,mysqld.exe,0.0,26.39
2026-10-09T16:46:21.350070+00:00,185.42,9600,php.exe,0.0,50.04
2026-10-09T16:46:21.350070+00:00,185.42,5096,mysqld.exe,170.3,512.06
2026-10-09T16:46:21.350070+00:00,185.42,7904,mysqld.exe,0.0,26.39
2026-10-09T16:46:22.369165+00:00,186.44,9600,php.exe,6.2,50.04
2026-10-09T16:46:22.369165+00:00,186.44,5096,mysqld.exe,170.9,512.05
2026-10-09T16:46:22.369841+00:00,186.44,7904,mysqld.exe,0.0,26.39
2026-10-09T16:46:23.382029+00:00,187.45,9600,php.exe,4.6,50.04
2026-10-09T16:46:23.382029+00:00,187.45,5096,mysqld.exe,169.2,512.02
2026-10-09T16:46:23.382029+00:00,187.45,7904,mysqld.exe,0.0,26.39
2026-10-09T16:46:24.397376+00:00,188.47,9600,php.exe,0.0,50.04
2026-10-09T16:46:24.397376+00:00,188.47,5096,mysqld.exe,172.4,512.05
2026-10-09T16:46:24.397376+00:00,188.47,7904,mysqld.exe,0.0,26.39
2026-10-09T16:46:25.413099+00:00,189.48,9600,php.exe,6.2,50.04
2026-10-09T16:46:25.413099+00:00,189.48,5096,mysqld.exe,156.9,512.05
2026-10-09T16:46:25.413099+00:00,189.48,7904,mysqld.exe,0.0,26.39
2026-10-09T16:46:26.413657+00:00,190.48,9600,php.exe,3.1,50.04
2026-10-09T16:46:26.413657+00:00,190.48,5096,mysqld.exe,159.4,512.03
2026-10-09T16:46:26.413657+00:00,190.48,7904,mysqld.exe,0.0,26.39
2026-10-09T16:46:27.428804+00:00,191.5,9600,php.exe,0.0,50.04
2026-10-09T16:46:27.428804+00:00,191.5,5096,mysqld.exe,206.1,512.05
2026-10-09T16:46:27.428804+00:00,191.5,7904,mysqld.exe,0.0,26.39
2026-10-09T16:46:28.430493+00:00,192.5,9600,php.exe,7.8,50.04
2026-10-09T16:46:28.430493+00:00,192.5,5096,mysqld.exe,162.5,512.05
2026-10-09T16:46:28.430493+00:00,192.5,7904,mysqld.exe,0.0,26.39
2026-10-09T16:46:29.432696+00:00,193.51,9600,php.exe,1.5,50.04
2026-10-09T16:46:29.432696+00:00,193.51,5096,mysqld.exe,189.3,511.96
2026-10-09T16:46:29.432696+00:00,193.51,7904,mysqld.exe,0.0,26.39
2026-10-09T16:46:30.446361+00:00,194.51,9600,php.exe,0.0,50.04
2026-10-09T16:46:30.446361+00:00,194.51,5096,mysqld.exe,179.7,512.04
2026-10-09T16:46:30.446361+00:00,194.51,7904,mysqld.exe,0.0,26.39
2026-10-09T16:46:31.453861+00:00,195.53,9600,php.exe,7.7,50.04
2026-10-09T16:46:31.453861+00:00,195.53,5096,mysqld.exe,158.4,512.03
2026-10-09T16:46:31.453861+00:00,195.53,7904,mysqld.exe,0.0,26.39
2026-10-09T16:46:32.464158+00:00,196.55,9600,php.exe,0.0,50.04
2026-10-09T16:46:32.464158+00:00,196.55,5096,mysqld.exe,152.3,512.05
2026-10-09T16:46:32.464158+00:00,196.55,7904,mysqld.exe,0.0,26.39
2026-10-09T16:46:33.464966+00:00,197.55,9600,php.exe,7.8,50.04
2026-10-09T16:46:33.464966+00:00,197.55,5096,mysqld.exe,153.1,512.03
2026-10-09T16:46:33.465478+00:00,197.55,7904,mysqld.exe,0.0,26.39
2026-10-09T16:46:34.480588+00:00,198.56,9600,php.exe,0.0,50.04
2026-10-09T16:46:34.480588+00:00,198.56,5096,mysqld.exe,186.3,512.05
2026-10-09T16:46:34.480588+00:00,198.56,7904,mysqld.exe,0.0,26.39
2026-10-09T16:46:35.481364+00:00,199.56,9600,php.exe,3.1,50.04
2026-10-09T16:46:35.481364+00:00,199.56,5096,mysqld.exe,176.6,512.05
2026-10-09T16:46:35.481364+00:00,199.56,7904,mysqld.exe,0.0,26.39
2026-10-09T16:46:36.496307+00:00,200.58,9600,php.exe,6.2,50.04
2026-10-09T16:46:36.496307+00:00,200.58,5096,mysqld.exe,158.4,512.04
2026-10-09T16:46:36.496307+00:00,200.58,7904,mysqld.exe,0.0,26.39
2026-10-09T16:46:37.499502+00:00,201.58,9600,php.exe,0.0,50.04
2026-10-09T16:46:37.499502+00:00,201.58,5096,mysqld.exe,170.3,512.05
2026-10-09T16:46:37.499502+00:00,201.58,7904,mysqld.exe,0.0,26.39
2026-10-09T16:46:38.513299+00:00,202.59,9600,php.exe,4.6,50.04
2026-10-09T16:46:38.513299+00:00,202.59,5096,mysqld.exe,183.2,512.05
2026-10-09T16:46:38.513299+00:00,202.59,7904,mysqld.exe,0.0,26.39
2026-10-09T16:46:39.514148+00:00,203.59,9600,php.exe,6.2,50.04
2026-10-09T16:46:39.514148+00:00,203.59,5096,mysqld.exe,171.9,512.02
2026-10-09T16:46:39.514148+00:00,203.59,7904,mysqld.exe,0.0,26.39
2026-10-09T16:46:40.529055+00:00,204.61,9600,php.exe,0.0,50.04
2026-10-09T16:46:40.529055+00:00,204.61,5096,mysqld.exe,146.1,512.05
2026-10-09T16:46:40.529055+00:00,204.61,7904,mysqld.exe,0.0,26.39
2026-10-09T16:46:41.530411+00:00,205.61,9600,php.exe,3.1,50.04
2026-10-09T16:46:41.530411+00:00,205.61,5096,mysqld.exe,164.1,512.05
2026-10-09T16:46:41.530411+00:00,205.61,7904,mysqld.exe,0.0,26.39
2026-10-09T16:46:42.530980+00:00,206.61,9600,php.exe,6.2,50.04
2026-10-09T16:46:42.530980+00:00,206.61,5096,mysqld.exe,145.3,512.02
2026-10-09T16:46:42.530980+00:00,206.61,7904,mysqld.exe,0.0,26.39
2026-10-09T16:46:43.536061+00:00,207.61,9600,php.exe,0.0,50.04
2026-10-09T16:46:43.536061+00:00,207.61,5096,mysqld.exe,192.2,512.05
2026-10-09T16:46:43.536061+00:00,207.61,7904,mysqld.exe,0.0,26.39
2026-10-09T16:46:44.545673+00:00,208.62,9600,php.exe,3.1,50.04
2026-10-09T16:46:44.545673+00:00,208.62,5096,mysqld.exe,163.0,512.05
2026-10-09T16:46:44.545673+00:00,208.62,7904,mysqld.exe,0.0,26.39
2026-10-09T16:46:45.563655+00:00,209.64,9600,php.exe,6.2,50.04
2026-10-09T16:46:45.563655+00:00,209.64,5096,mysqld.exe,164.7,512.02
2026-10-09T16:46:45.563655+00:00,209.64,7904,mysqld.exe,0.0,26.39
2026-10-09T16:46:46.578747+00:00,210.66,9600,php.exe,0.0,50.04
2026-10-09T16:46:46.578747+00:00,210.66,5096,mysqld.exe,176.9,512.04
2026-10-09T16:46:46.578747+00:00,210.66,7904,mysqld.exe,0.0,26.39
2026-10-09T16:46:47.578955+00:00,211.66,9600,php.exe,4.7,50.04
2026-10-09T16:46:47.578955+00:00,211.66,5096,mysqld.exe,167.2,512.05
2026-10-09T16:46:47.579461+00:00,211.66,7904,mysqld.exe,0.0,26.39
2026-10-09T16:46:48.594560+00:00,212.67,9600,php.exe,12.3,50.04
2026-10-09T16:46:48.594560+00:00,212.67,5096,mysqld.exe,187.6,511.8
2026-10-09T16:46:48.594560+00:00,212.67,7904,mysqld.exe,0.0,26.39
2026-10-09T16:46:49.594628+00:00,213.67,9600,php.exe,21.9,50.04
2026-10-09T16:46:49.594628+00:00,213.67,5096,mysqld.exe,142.2,512.05
2026-10-09T16:46:49.594628+00:00,213.67,7904,mysqld.exe,0.0,26.39
2026-10-09T16:46:50.595800+00:00,214.67,9600,php.exe,23.4,50.04
2026-10-09T16:46:50.595800+00:00,214.67,5096,mysqld.exe,117.2,511.96
2026-10-09T16:46:50.595800+00:00,214.67,7904,mysqld.exe,0.0,26.39
2026-10-09T16:46:51.611244+00:00,215.69,9600,php.exe,0.0,50.04
2026-10-09T16:46:51.611244+00:00,215.69,5096,mysqld.exe,164.7,512.05
2026-10-09T16:46:51.611244+00:00,215.69,7904,mysqld.exe,0.0,26.39
2026-10-09T16:46:52.611522+00:00,216.69,9600,php.exe,6.2,50.04
2026-10-09T16:46:52.611522+00:00,216.69,5096,mysqld.exe,131.2,512.06
2026-10-09T16:46:52.611522+00:00,216.69,7904,mysqld.exe,0.0,26.39
2026-10-09T16:46:53.611611+00:00,217.69,9600,php.exe,0.0,50.04
2026-10-09T16:46:53.611611+00:00,217.69,5096,mysqld.exe,137.5,512.07
2026-10-09T16:46:53.611611+00:00,217.69,7904,mysqld.exe,0.0,26.39
2026-10-09T16:46:54.623291+00:00,218.7,9600,php.exe,6.2,50.04
2026-10-09T16:46:54.623291+00:00,218.7,5096,mysqld.exe,173.8,512.05
2026-10-09T16:46:54.623291+00:00,218.7,7904,mysqld.exe,0.0,26.39
2026-10-09T16:46:55.624676+00:00,219.7,9600,php.exe,0.0,50.04
2026-10-09T16:46:55.624676+00:00,219.7,5096,mysqld.exe,192.2,514.27
2026-10-09T16:46:55.624676+00:00,219.7,7904,mysqld.exe,0.0,26.39
2026-10-09T16:46:56.627167+00:00,220.7,9600,php.exe,7.8,50.04
2026-10-09T16:46:56.627167+00:00,220.7,5096,mysqld.exe,182.8,512.05
2026-10-09T16:46:56.627167+00:00,220.7,7904,mysqld.exe,0.0,26.39
2026-10-09T16:46:57.631594+00:00,221.7,9600,php.exe,4.7,50.04
2026-10-09T16:46:57.631594+00:00,221.7,5096,mysqld.exe,170.3,512.02
2026-10-09T16:46:57.631594+00:00,221.7,7904,mysqld.exe,0.0,26.39
2026-10-09T16:46:58.643088+00:00,222.72,9600,php.exe,0.0,50.04
2026-10-09T16:46:58.643487+00:00,222.72,5096,mysqld.exe,187.8,512.06
2026-10-09T16:46:58.643997+00:00,222.72,7904,mysqld.exe,0.0,26.39
2026-10-09T16:46:59.657798+00:00,223.73,9600,php.exe,10.8,50.04
2026-10-09T16:46:59.657798+00:00,223.73,5096,mysqld.exe,123.0,512.0
2026-10-09T16:46:59.657798+00:00,223.73,7904,mysqld.exe,0.0,26.39
2026-10-09T16:47:00.660212+00:00,224.73,9600,php.exe,0.0,50.04
2026-10-09T16:47:00.660212+00:00,224.73,5096,mysqld.exe,184.4,512.06
2026-10-09T16:47:00.660212+00:00,224.73,7904,mysqld.exe,0.0,26.39
2026-10-09T16:47:01.660899+00:00,225.73,9600,php.exe,3.1,50.04
2026-10-09T16:47:01.660899+00:00,225.73,5096,mysqld.exe,201.6,512.06
2026-10-09T16:47:01.660899+00:00,225.73,7904,mysqld.exe,0.0,26.39
2026-10-09T16:47:02.670486+00:00,226.75,9600,php.exe,7.7,50.04
2026-10-09T16:47:02.670486+00:00,226.75,5096,mysqld.exe,156.9,511.98
2026-10-09T16:47:02.670486+00:00,226.75,7904,mysqld.exe,0.0,26.39
2026-10-09T16:47:03.676399+00:00,227.75,9600,php.exe,0.0,50.04
2026-10-09T16:47:03.676399+00:00,227.75,5096,mysqld.exe,135.9,512.05
2026-10-09T16:47:03.676399+00:00,227.75,7904,mysqld.exe,0.0,26.39
2026-10-09T16:47:04.677195+00:00,228.75,9600,php.exe,3.1,50.04
2026-10-09T16:47:04.677195+00:00,228.75,5096,mysqld.exe,164.1,512.01
2026-10-09T16:47:04.677195+00:00,228.75,7904,mysqld.exe,0.0,26.39
2026-10-09T16:47:05.692198+00:00,229.76,9600,php.exe,0.0,50.04
2026-10-09T16:47:05.692198+00:00,229.76,5096,mysqld.exe,197.0,512.05
2026-10-09T16:47:05.692198+00:00,229.76,7904,mysqld.exe,0.0,26.39
2026-10-09T16:47:06.692609+00:00,230.76,9600,php.exe,6.2,50.04
2026-10-09T16:47:06.692609+00:00,230.76,5096,mysqld.exe,156.2,512.06
2026-10-09T16:47:06.692609+00:00,230.76,7904,mysqld.exe,0.0,26.39
2026-10-09T16:47:07.707047+00:00,231.78,9600,php.exe,3.1,50.04
2026-10-09T16:47:07.707047+00:00,231.78,5096,mysqld.exe,163.0,511.99
2026-10-09T16:47:07.707047+00:00,231.78,7904,mysqld.exe,0.0,26.39
2026-10-09T16:47:08.714978+00:00,232.8,9600,php.exe,0.0,50.04
2026-10-09T16:47:08.714978+00:00,232.8,5096,mysqld.exe,183.0,512.05
2026-10-09T16:47:08.714978+00:00,232.8,7904,mysqld.exe,0.0,26.39
2026-10-09T16:47:09.726621+00:00,233.8,9600,php.exe,6.2,50.04
2026-10-09T16:47:09.726621+00:00,233.8,5096,mysqld.exe,139.1,511.85
2026-10-09T16:47:09.726621+00:00,233.8,7904,mysqld.exe,0.0,26.39
2026-10-09T16:47:10.731328+00:00,234.81,9600,php.exe,3.1,50.04
2026-10-09T16:47:10.731328+00:00,234.81,5096,mysqld.exe,181.7,512.09
2026-10-09T16:47:10.731328+00:00,234.81,7904,mysqld.exe,0.0,26.39
2026-10-09T16:47:11.740247+00:00,235.81,9600,php.exe,3.1,50.04
2026-10-09T16:47:11.740247+00:00,235.81,5096,mysqld.exe,179.7,512.06
2026-10-09T16:47:11.740247+00:00,235.81,7904,mysqld.exe,0.0,26.39
2026-10-09T16:47:12.751162+00:00,236.83,9600,php.exe,0.0,50.04
2026-10-09T16:47:12.751162+00:00,236.83,5096,mysqld.exe,179.9,512.09
2026-10-09T16:47:12.751162+00:00,236.83,7904,mysqld.exe,0.0,26.39
2026-10-09T16:47:13.759159+00:00,237.83,9600,php.exe,9.4,50.04
2026-10-09T16:47:13.759159+00:00,237.83,5096,mysqld.exe,126.6,512.09
2026-10-09T16:47:13.759159+00:00,237.83,7904,mysqld.exe,0.0,26.39
2026-10-09T16:47:14.760072+00:00,238.83,9600,php.exe,0.0,50.04
2026-10-09T16:47:14.760643+00:00,238.83,5096,mysqld.exe,173.4,512.12
2026-10-09T16:47:14.760643+00:00,238.83,7904,mysqld.exe,0.0,26.39
2026-10-09T16:47:15.762919+00:00,239.84,9600,php.exe,3.1,50.04
2026-10-09T16:47:15.762919+00:00,239.84,5096,mysqld.exe,150.9,512.11
2026-10-09T16:47:15.762919+00:00,239.84,7904,mysqld.exe,0.0,26.39
2026-10-09T16:47:16.768466+00:00,240.84,9600,php.exe,9.4,50.04
2026-10-09T16:47:16.768466+00:00,240.84,5096,mysqld.exe,140.6,511.86
2026-10-09T16:47:16.768466+00:00,240.84,7904,mysqld.exe,0.0,26.39
2026-10-09T16:47:17.775318+00:00,241.84,9600,php.exe,0.0,50.04
2026-10-09T16:47:17.775318+00:00,241.84,5096,mysqld.exe,175.0,512.12
2026-10-09T16:47:17.775318+00:00,241.84,7904,mysqld.exe,0.0,26.39
2026-10-09T16:47:18.778189+00:00,242.86,9600,php.exe,1.5,50.04
2026-10-09T16:47:18.778189+00:00,242.86,5096,mysqld.exe,169.2,512.1
2026-10-09T16:47:18.778189+00:00,242.86,7904,mysqld.exe,0.0,26.39
2026-10-09T16:47:19.791073+00:00,243.86,9600,php.exe,0.0,50.04
2026-10-09T16:47:19.791073+00:00,243.86,5096,mysqld.exe,185.9,512.12
2026-10-09T16:47:19.791073+00:00,243.86,7904,mysqld.exe,0.0,26.39
2026-10-09T16:47:20.791484+00:00,244.86,9600,php.exe,7.8,50.04
2026-10-09T16:47:20.791484+00:00,244.86,5096,mysqld.exe,170.3,512.12
2026-10-09T16:47:20.791484+00:00,244.86,7904,mysqld.exe,0.0,26.39
2026-10-09T16:47:21.801424+00:00,245.88,9600,php.exe,0.0,50.04
2026-10-09T16:47:21.801424+00:00,245.88,5096,mysqld.exe,183.0,514.34
2026-10-09T16:47:21.801424+00:00,245.88,7904,mysqld.exe,0.0,26.39
2026-10-09T16:47:22.824230+00:00,246.91,9600,php.exe,7.6,50.04
2026-10-09T16:47:22.824745+00:00,246.91,5096,mysqld.exe,116.7,512.1
2026-10-09T16:47:22.824745+00:00,246.91,7904,mysqld.exe,0.0,26.39
2026-10-09T16:47:23.839046+00:00,247.92,9600,php.exe,0.0,50.04
2026-10-09T16:47:23.839046+00:00,247.92,5096,mysqld.exe,176.9,514.34
2026-10-09T16:47:23.839046+00:00,247.92,7904,mysqld.exe,0.0,26.39
2026-10-09T16:47:24.847825+00:00,248.92,9600,php.exe,9.4,50.04
2026-10-09T16:47:24.848820+00:00,248.92,5096,mysqld.exe,79.7,512.1
2026-10-09T16:47:24.848820+00:00,248.92,7904,mysqld.exe,0.0,26.39
2026-10-09T16:47:25.865010+00:00,249.94,9600,php.exe,0.0,50.04
2026-10-09T16:47:25.866936+00:00,249.94,5096,mysqld.exe,41.6,512.12
2026-10-09T16:47:25.868601+00:00,249.94,7904,mysqld.exe,0.0,26.39
2026-10-09T16:47:26.879491+00:00,250.95,9600,php.exe,0.0,50.04
2026-10-09T16:47:26.879491+00:00,250.95,5096,mysqld.exe,163.0,512.12
2026-10-09T16:47:26.879491+00:00,250.95,7904,mysqld.exe,0.0,26.39
2026-10-09T16:47:27.889529+00:00,251.97,9600,php.exe,9.2,50.04
2026-10-09T16:47:27.889529+00:00,251.97,5096,mysqld.exe,133.9,512.09
2026-10-09T16:47:27.889529+00:00,251.97,7904,mysqld.exe,0.0,26.39
2026-10-09T16:47:28.895746+00:00,252.97,9600,php.exe,0.0,50.04
2026-10-09T16:47:28.895746+00:00,252.97,5096,mysqld.exe,143.8,512.12
2026-10-09T16:47:28.895746+00:00,252.97,7904,mysqld.exe,0.0,26.39
2026-10-09T16:47:29.906809+00:00,253.98,9600,php.exe,3.1,50.04
2026-10-09T16:47:29.906809+00:00,253.98,5096,mysqld.exe,152.3,512.1
2026-10-09T16:47:29.906809+00:00,253.98,7904,mysqld.exe,0.0,26.39
2026-10-09T16:47:30.908800+00:00,254.98,9600,php.exe,0.0,50.04
2026-10-09T16:47:30.908800+00:00,254.98,5096,mysqld.exe,160.9,512.12
2026-10-09T16:47:30.908800+00:00,254.98,7904,mysqld.exe,0.0,26.39
2026-10-09T16:47:31.923279+00:00,256.0,9600,php.exe,6.2,50.04
2026-10-09T16:47:31.923279+00:00,256.0,5096,mysqld.exe,170.7,512.12
2026-10-09T16:47:31.923279+00:00,256.0,7904,mysqld.exe,0.0,26.39
2026-10-09T16:47:32.928186+00:00,257.0,9600,php.exe,6.2,50.04
2026-10-09T16:47:32.928186+00:00,257.0,5096,mysqld.exe,143.8,512.02
2026-10-09T16:47:32.928186+00:00,257.0,7904,mysqld.exe,0.0,26.39
2026-10-09T16:47:33.940165+00:00,258.01,9600,php.exe,0.0,50.04
2026-10-09T16:47:33.940165+00:00,258.01,5096,mysqld.exe,157.0,512.12
2026-10-09T16:47:33.940165+00:00,258.01,7904,mysqld.exe,0.0,26.39
2026-10-09T16:47:34.955327+00:00,259.03,9600,php.exe,7.7,50.04
2026-10-09T16:47:34.955327+00:00,259.03,5096,mysqld.exe,150.7,512.07
2026-10-09T16:47:34.955327+00:00,259.03,7904,mysqld.exe,0.0,26.39
2026-10-09T16:47:35.955987+00:00,260.03,9600,php.exe,0.0,50.04
2026-10-09T16:47:35.955987+00:00,260.03,5096,mysqld.exe,192.2,512.12
2026-10-09T16:47:35.955987+00:00,260.03,7904,mysqld.exe,0.0,26.39
2026-10-09T16:47:36.970264+00:00,261.05,9600,php.exe,20.0,50.04
2026-10-09T16:47:36.970264+00:00,261.05,5096,mysqld.exe,116.9,512.1
2026-10-09T16:47:36.970264+00:00,261.05,7904,mysqld.exe,0.0,26.39
2026-10-09T16:47:37.972063+00:00,262.05,9600,php.exe,0.0,50.04
2026-10-09T16:47:37.972063+00:00,262.05,5096,mysqld.exe,215.6,514.33
2026-10-09T16:47:37.972063+00:00,262.05,7904,mysqld.exe,0.0,26.39
2026-10-09T16:47:38.986464+00:00,263.06,9600,php.exe,6.2,50.04
2026-10-09T16:47:38.986464+00:00,263.06,5096,mysqld.exe,175.5,512.12
2026-10-09T16:47:38.986464+00:00,263.06,7904,mysqld.exe,0.0,26.39
2026-10-09T16:47:39.987788+00:00,264.06,9600,php.exe,1.6,50.04
2026-10-09T16:47:39.987788+00:00,264.06,5096,mysqld.exe,160.9,512.04
2026-10-09T16:47:39.987788+00:00,264.06,7904,mysqld.exe,0.0,26.39
2026-10-09T16:47:41.002874+00:00,265.08,9600,php.exe,0.0,50.04
2026-10-09T16:47:41.002874+00:00,265.08,5096,mysqld.exe,167.6,512.12
2026-10-09T16:47:41.002874+00:00,265.08,7904,mysqld.exe,0.0,26.39
2026-10-09T16:47:42.002947+00:00,266.08,9600,php.exe,10.9,50.04
2026-10-09T16:47:42.002947+00:00,266.08,5096,mysqld.exe,126.6,512.07
2026-10-09T16:47:42.002947+00:00,266.08,7904,mysqld.exe,0.0,26.39
2026-10-09T16:47:43.019233+00:00,267.09,9600,php.exe,0.0,50.04
2026-10-09T16:47:43.019233+00:00,267.09,5096,mysqld.exe,77.0,512.13
2026-10-09T16:47:43.020233+00:00,267.09,7904,mysqld.exe,0.0,26.39
2026-10-09T16:47:44.034281+00:00,268.11,9600,php.exe,0.0,50.04
2026-10-09T16:47:44.034281+00:00,268.11,5096,mysqld.exe,159.9,512.15
2026-10-09T16:47:44.034281+00:00,268.11,7904,mysqld.exe,0.0,26.39
2026-10-09T16:47:45.034406+00:00,269.11,9600,php.exe,32.8,50.04
2026-10-09T16:47:45.034406+00:00,269.11,5096,mysqld.exe,118.8,512.11
2026-10-09T16:47:45.034406+00:00,269.11,7904,mysqld.exe,0.0,26.39
2026-10-09T16:47:46.050076+00:00,270.12,9600,php.exe,0.0,50.04
2026-10-09T16:47:46.050076+00:00,270.12,5096,mysqld.exe,166.1,512.15
2026-10-09T16:47:46.050076+00:00,270.12,7904,mysqld.exe,0.0,26.39
2026-10-09T16:47:47.052249+00:00,271.12,9600,php.exe,25.0,50.04
2026-10-09T16:47:47.052249+00:00,271.12,5096,mysqld.exe,90.6,511.93
2026-10-09T16:47:47.052249+00:00,271.12,7904,mysqld.exe,0.0,26.39
2026-10-09T16:47:48.054741+00:00,272.12,9600,php.exe,10.9,50.04
2026-10-09T16:47:48.054741+00:00,272.12,5096,mysqld.exe,159.4,512.18
2026-10-09T16:47:48.054741+00:00,272.12,7904,mysqld.exe,0.0,26.39
2026-10-09T16:47:49.060155+00:00,273.14,9600,php.exe,16.9,50.04
2026-10-09T16:47:49.060155+00:00,273.14,5096,mysqld.exe,138.5,511.94
2026-10-09T16:47:49.060155+00:00,273.14,7904,mysqld.exe,0.0,26.39
2026-10-09T16:47:50.065366+00:00,274.14,9600,php.exe,26.6,50.04
2026-10-09T16:47:50.065366+00:00,274.14,5096,mysqld.exe,131.2,512.19
2026-10-09T16:47:50.065366+00:00,274.14,7904,mysqld.exe,0.0,26.39
2026-10-09T16:47:51.080738+00:00,275.16,9600,php.exe,26.1,50.04
2026-10-09T16:47:51.080738+00:00,275.16,5096,mysqld.exe,101.5,512.07
2026-10-09T16:47:51.080738+00:00,275.16,7904,mysqld.exe,0.0,26.39
2026-10-09T16:47:52.096252+00:00,276.17,9600,php.exe,0.0,50.04
2026-10-09T16:47:52.096252+00:00,276.17,5096,mysqld.exe,150.7,512.19
2026-10-09T16:47:52.096252+00:00,276.17,7904,mysqld.exe,0.0,26.39
2026-10-09T16:47:53.110970+00:00,277.19,9600,php.exe,3.1,50.04
2026-10-09T16:47:53.110970+00:00,277.19,5096,mysqld.exe,140.1,512.18
2026-10-09T16:47:53.110970+00:00,277.19,7904,mysqld.exe,0.0,26.39
2026-10-09T16:47:54.112908+00:00,278.19,9600,php.exe,6.2,50.04
2026-10-09T16:47:54.113253+00:00,278.19,5096,mysqld.exe,156.2,512.07
2026-10-09T16:47:54.113253+00:00,278.19,7904,mysqld.exe,0.0,26.39
2026-10-09T16:47:55.121530+00:00,279.2,9600,php.exe,0.0,50.04
2026-10-09T16:47:55.121893+00:00,279.2,5096,mysqld.exe,153.8,512.18
2026-10-09T16:47:55.121893+00:00,279.2,7904,mysqld.exe,0.0,26.39
2026-10-09T16:47:56.128572+00:00,280.2,9600,php.exe,4.7,50.04
2026-10-09T16:47:56.128572+00:00,280.2,5096,mysqld.exe,156.2,512.18
2026-10-09T16:47:56.128572+00:00,280.2,7904,mysqld.exe,0.0,26.39
2026-10-09T16:47:57.128635+00:00,281.2,9600,php.exe,7.8,50.04
2026-10-09T16:47:57.128635+00:00,281.2,5096,mysqld.exe,143.8,512.07
2026-10-09T16:47:57.128635+00:00,281.2,7904,mysqld.exe,0.0,26.39
2026-10-09T16:47:58.134687+00:00,282.2,9600,php.exe,0.0,50.04
2026-10-09T16:47:58.134687+00:00,282.2,5096,mysqld.exe,189.1,512.18
2026-10-09T16:47:58.134687+00:00,282.2,7904,mysqld.exe,0.0,26.39
2026-10-09T16:47:59.136187+00:00,283.22,9600,php.exe,4.6,50.04
2026-10-09T16:47:59.136187+00:00,283.22,5096,mysqld.exe,174.0,512.18
2026-10-09T16:47:59.136187+00:00,283.22,7904,mysqld.exe,0.0,26.39
2026-10-09T16:48:00.150102+00:00,284.22,5096,mysqld.exe,184.4,514.4
2026-10-09T16:48:00.150102+00:00,284.22,7904,mysqld.exe,0.0,26.39
2026-10-09T16:48:01.151507+00:00,285.23,5096,mysqld.exe,9.2,511.95
2026-10-09T16:48:01.151507+00:00,285.23,7904,mysqld.exe,0.0,26.39
2026-10-09T16:48:02.151929+00:00,286.23,5096,mysqld.exe,1.6,511.95
2026-10-09T16:48:02.151929+00:00,286.23,7904,mysqld.exe,0.0,26.39
2026-10-09T16:48:03.156759+00:00,287.23,5096,mysqld.exe,21.9,512.09
2026-10-09T16:48:03.156759+00:00,287.23,7904,mysqld.exe,0.0,26.39
2026-10-09T16:48:04.166024+00:00,288.23,5096,mysqld.exe,187.5,512.19
2026-10-09T16:48:04.166024+00:00,288.23,7904,mysqld.exe,0.0,26.39
2026-10-09T16:48:05.171018+00:00,289.25,5096,mysqld.exe,47.7,511.95
2026-10-09T16:48:05.171541+00:00,289.25,7904,mysqld.exe,0.0,26.39
2026-10-09T16:48:06.183710+00:00,290.26,5096,mysqld.exe,120.1,512.19
2026-10-09T16:48:06.183710+00:00,290.26,7904,mysqld.exe,0.0,26.39
2026-10-09T16:48:07.184062+00:00,291.26,5096,mysqld.exe,153.1,512.11
2026-10-09T16:48:07.184062+00:00,291.26,7904,mysqld.exe,0.0,26.39
2026-10-09T16:48:08.187219+00:00,292.26,5096,mysqld.exe,189.1,512.2
2026-10-09T16:48:08.187219+00:00,292.26,7904,mysqld.exe,0.0,26.39
2026-10-09T16:48:09.198843+00:00,293.28,5096,mysqld.exe,169.2,512.19
2026-10-09T16:48:09.199206+00:00,293.28,7904,mysqld.exe,0.0,26.39
2026-10-09T16:48:10.211483+00:00,294.28,5096,mysqld.exe,157.8,512.09
2026-10-09T16:48:10.211483+00:00,294.28,7904,mysqld.exe,0.0,26.39
2026-10-09T16:48:11.232440+00:00,295.31,5096,mysqld.exe,137.9,512.18
2026-10-09T16:48:11.234410+00:00,295.31,7904,mysqld.exe,0.0,26.39
2026-10-09T16:48:12.247940+00:00,296.33,5096,mysqld.exe,127.6,511.93
2026-10-09T16:48:12.247940+00:00,296.33,7904,mysqld.exe,0.0,26.39
2026-10-09T16:48:13.263109+00:00,297.34,5096,mysqld.exe,129.3,512.19
2026-10-09T16:48:13.263109+00:00,297.34,7904,mysqld.exe,0.0,26.39
2026-10-09T16:48:14.265874+00:00,298.34,5096,mysqld.exe,171.9,511.93
2026-10-09T16:48:14.265874+00:00,298.34,7904,mysqld.exe,0.0,26.39
2026-10-09T16:48:15.266211+00:00,299.34,5096,mysqld.exe,121.9,512.19
2026-10-09T16:48:15.266211+00:00,299.34,7904,mysqld.exe,0.0,26.39
2026-10-09T16:48:16.281566+00:00,300.36,5096,mysqld.exe,166.1,511.93
2026-10-09T16:48:16.281566+00:00,300.36,7904,mysqld.exe,0.0,26.39
