Timestamp,User Count,Type,Name,Requests/s,Failures/s,50%,66%,75%,80%,90%,95%,98%,99%,99.9%,99.99%,100%,Total Request Count,Total Failure Count,Total Median Response Time,Total Average Response Time,Total Min Response Time,Total Max Response Time,Total Average Content Size
1791564102,0,,Aggregated,0.000000,0.000000,N/A,N/A,N/A,N/A,N/A,N/A,N/A,N/A,N/A,N/A,N/A,0,0,0,0.0,0,0,0
1791564103,1,,Aggregated,0.000000,0.000000,N/A,N/A,N/A,N/A,N/A,N/A,N/A,N/A,N/A,N/A,N/A,0,0,0,0.0,0,0,0
1791564104,3,GET,/api/users/emails,0.000000,0.000000,0,0,0,0,0,0,0,0,0,0,0,1,0,1501.3715999998567,1501.3715999998567,1501.3715999998567,1501.3715999998567,4223.0
1791564104,3,,Aggregated,0.000000,0.000000,1500,1500,1500,1500,1500,1500,1500,1500,1500,1500,1500,1,0,1501.3715999998567,1501.3715999998567,1501.3715999998567,1501.3715999998567,4223.0
1791564105,4,GET,/api/users,0.000000,0.000000,0,0,0,0,0,0,0,0,0,0,0,1,0,1918.7385999998696,1918.7385999998696,1918.7385999998696,1918.7385999998696,14126.0
1791564105,4,GET,/api/users/emails,0.000000,0.000000,0,0,0,0,0,0,0,0,0,0,0,1,0,1501.3715999998567,1501.3715999998567,1501.3715999998567,1501.3715999998567,4223.0
1791564105,4,,Aggregated,0.000000,0.000000,1900,1900,1900,1900,1900,1900,1900,1900,1900,1900,1900,2,0,1501.3715999998567,1710.0550999998632,1501.3715999998567,1918.7385999998696,9174.5
1791564106,5,GET,/api/users,0.000000,0.000000,0,0,0,0,0,0,0,0,0,0,0,1,0,1918.7385999998696,1918.7385999998696,1918.7385999998696,1918.7385999998696,14126.0
1791564106,5,POST,/api/users/bulk,0.000000,0.000000,0,0,0,0,0,0,0,0,0,0,0,1,0,1142.3534000000473,1142.3534000000473,1142.3534000000473,1142.3534000000473,765.0
1791564106,5,GET,/api/users/emails,0.000000,0.000000,1500,1500,1500,1500,1500,1500,1500,1500,1500,1500,1500,1,0,1501.3715999998567,1501.3715999998567,1501.3715999998567,1501.3715999998567,4223.0
1791564106,5,,Aggregated,0.000000,0.000000,1500,1500,1900,1900,1900,1900,1900,1900,1900,1900,1900,3,0,1500,1520.8211999999246,1142.3534000000473,1918.7385999998696,6371.333333333333
1791564107,5,GET,/api/users,0.000000,0.000000,1900,1900,1900,1900,1900,1900,1900,1900,1900,1900,1900,2,0,1404.611599999953,1661.6750999999113,1404.611599999953,1918.7385999998696,14124.0
1791564107,5,POST,/api/users/bulk,0.000000,0.000000,1100,1100,1100,1100,1100,1100,1100,1100,1100,1100,1100,1,0,1142.3534000000473,1142.3534000000473,1142.3534000000473,1142.3534000000473,765.0
1791564107,5,GET,/api/users/emails,0.333333,0.000000,1500,1500,1500,1500,1500,1500,1500,1500,1500,1500,1500,1,0,1501.3715999998567,1501.3715999998567,1501.3715999998567,1501.3715999998567,4223.0
1791564107,5,GET,/api/users/over-twenty,0.000000,0.000000,0,0,0,0,0,0,0,0,0,0,0,1,0,895.1742000003833,895.1742000003833,895.1742000003833,895.1742000003833,14390.0
1791564107,5,,Aggregated,0.333333,0.000000,1400,1500,1500,1900,1900,1900,1900,1900,1900,1900,1900,5,0,1400,1372.449880000022,895.1742000003833,1918.7385999998696,9525.2
1791564108,5,GET,/api/users,0.000000,0.000000,1900,1900,1900,1900,1900,1900,1900,1900,1900,1900,1900,2,0,1404.611599999953,1661.6750999999113,1404.611599999953,1918.7385999998696,14124.0
1791564108,5,POST,/api/users/bulk,0.000000,0.000000,1100,1100,1100,1100,1100,1100,1100,1100,1100,1100,1100,1,0,1142.3534000000473,1142.3534000000473,1142.3534000000473,1142.3534000000473,765.0
1791564108,5,GET,/api/users/emails,0.333333,0.000000,1500,1500,1500,1500,1500,1500,1500,1500,1500,1500,1500,1,0,1501.3715999998567,1501.3715999998567,1501.3715999998567,1501.3715999998567,4223.0
1791564108,5,GET,/api/users/over-twenty,0.000000,0.000000,0,0,0,0,0,0,0,0,0,0,0,2,0,900,1045.085500000141,895.1742000003833,1194.996799999899,14390.0
1791564108,5,,Aggregated,0.333333,0.000000,1400,1400,1500,1500,1900,1900,1900,1900,1900,1900,1900,6,0,1200,1342.874366666668,895.1742000003833,1918.7385999998696,10336.0
1791564109,5,GET,/api/users,0.200000,0.000000,1900,1900,2500,2500,2500,2500,2500,2500,2500,2500,2500,3,0,1900,1933.9221333333019,1404.611599999953,2478.4162000000833,14044.666666666666
1791564109,5,POST,/api/users/bulk,0.200000,0.000000,1100,1100,1100,1100,1100,1100,1100,1100,1100,1100,1100,1,0,1142.3534000000473,1142.3534000000473,1142.3534000000473,1142.3534000000473,765.0
1791564109,5,GET,/api/users/emails,0.200000,0.000000,1500,1500,1500,1500,1500,1500,1500,1500,1500,1500,1500,1,0,1501.3715999998567,1501.3715999998567,1501.3715999998567,1501.3715999998567,4223.0
1791564109,5,GET,/api/users/over-twenty,0.000000,0.000000,1200,1200,1200,1200,1200,1200,1200,1200,1200,1200,1200,2,0,900,1045.085500000141,895.1742000003833,1194.996799999899,14390.0
1791564109,5,,Aggregated,0.600000,0.000000,1400,1500,1900,1900,2500,2500,2500,2500,2500,2500,2500,7,0,1400,1505.0946285714417,895.1742000003833,2478.4162000000833,10843.142857142857
1791564110,5,GET,/api/users,0.333333,0.000000,2500,2500,3700,3700,3700,3700,3700,3700,3700,3700,3700,4,0,1900,2380.0804999999627,1404.611599999953,3718.555599999945,14076.0
1791564110,5,POST,/api/users/bulk,0.166667,0.000000,1100,1100,1100,1100,1100,1100,1100,1100,1100,1100,1100,1,0,1142.3534000000473,1142.3534000000473,1142.3534000000473,1142.3534000000473,765.0
1791564110,5,GET,/api/users/emails,0.166667,0.000000,1500,1500,1500,1500,1500,1500,1500,1500,1500,1500,1500,1,0,1501.3715999998567,1501.3715999998567,1501.3715999998567,1501.3715999998567,4223.0
1791564110,5,GET,/api/users/over-twenty,0.333333,0.000000,1200,1200,1200,1200,1200,1200,1200,1200,1200,1200,1200,2,0,900,1045.085500000141,895.1742000003833,1194.996799999899,14390.0
1791564110,5,,Aggregated,1.000000,0.000000,1500,1900,2500,2500,3700,3700,3700,3700,3700,3700,3700,8,0,1400,1781.7772500000046,895.1742000003833,3718.555599999945,11259.0
1791564111,5,GET,/api/users,0.333333,0.000000,2500,2500,3700,3700,3700,3700,3700,3700,3700,3700,3700,4,0,1900,2380.0804999999627,1404.611599999953,3718.555599999945,14076.0
1791564111,5,POST,/api/users/bulk,0.166667,0.000000,1100,1100,1100,1100,1100,1100,1100,1100,1100,1100,1100,1,0,1142.3534000000473,1142.3534000000473,1142.3534000000473,1142.3534000000473,765.0
1791564111,5,GET,/api/users/emails,0.166667,0.000000,1500,1500,1500,1500,1500,1500,1500,1500,1500,1500,1500,1,0,1501.3715999998567,1501.3715999998567,1501.3715999998567,1501.3715999998567,4223.0
1791564111,5,GET,/api/users/over-twenty,0.333333,0.000000,1200,1200,1200,1200,1200,1200,1200,1200,1200,1200,1200,2,0,900,1045.085500000141,895.1742000003833,1194.996799999899,14390.0
1791564111,5,,Aggregated,1.000000,0.000000,1500,1900,2500,2500,3700,3700,3700,3700,3700,3700,3700,8,0,1400,1781.7772500000046,895.1742000003833,3718.555599999945,11259.0
1791564112,5,GET,/api/users,0.285714,0.000000,2500,3300,3300,3700,3700,3700,3700,3700,3700,3700,3700,5,0,2500,2558.9547599999605,1404.611599999953,3718.555599999945,14086.0
1791564112,5,POST,/api/users/bulk,0.142857,0.000000,1100,1100,1100,1100,1100,1100,1100,1100,1100,1100,1100,1,0,1142.3534000000473,1142.3534000000473,1142.3534000000473,1142.3534000000473,765.0
1791564112,5,GET,/api/users/emails,0.142857,0.000000,1500,1500,1500,1500,1500,1500,1500,1500,1500,1500,1500,1,0,1501.3715999998567,1501.3715999998567,1501.3715999998567,1501.3715999998567,4223.0
1791564112,5,GET,/api/users/over-twenty,0.285714,0.000000,1200,1200,1200,1200,1200,1200,1200,1200,1200,1200,1200,2,0,900,1045.085500000141,895.1742000003833,1194.996799999899,14390.0
1791564112,5,,Aggregated,0.857143,0.000000,1500,1900,2500,3300,3700,3700,3700,3700,3700,3700,3700,9,0,1500,1947.6299777777765,895.1742000003833,3718.555599999945,11577.555555555555
1791564113,5,GET,/api/users,0.444444,0.000000,3200,3200,3300,3300,3700,3700,3700,3700,3700,3700,3700,6,0,2500,2657.8870833332835,1404.611599999953,3718.555599999945,14092.666666666666
1791564113,5,POST,/api/users/bulk,0.111111,0.000000,3200,3200,3200,3200,3200,3200,3200,3200,3200,3200,3200,2,0,1142.3534000000473,2157.1764000000258,1142.3534000000473,3171.9994000000042,765.0
1791564113,5,GET,/api/users/emails,0.111111,0.000000,1500,1500,1500,1500,1500,1500,1500,1500,1500,1500,1500,1,0,1501.3715999998567,1501.3715999998567,1501.3715999998567,1501.3715999998567,4223.0
1791564113,5,GET,/api/users/over-twenty,0.222222,0.000000,1200,1200,1200,1200,1200,1200,1200,1200,1200,1200,1200,2,0,900,1045.085500000141,895.1742000003833,1194.996799999899,14390.0
1791564113,5,,Aggregated,0.888889,0.000000,1900,3200,3200,3200,3300,3700,3700,3700,3700,3700,3700,11,0,1900,2168.4743545454444,895.1742000003833,3718.555599999945,10826.272727272728
1791564114,5,GET,/api/users,0.444444,0.000000,3200,3200,3300,3300,3700,3700,3700,3700,3700,3700,3700,6,0,2500,2657.8870833332835,1404.611599999953,3718.555599999945,14092.666666666666
1791564114,5,POST,/api/users/bulk,0.111111,0.000000,3200,3200,3200,3200,3200,3200,3200,3200,3200,3200,3200,2,0,1142.3534000000473,2157.1764000000258,1142.3534000000473,3171.9994000000042,765.0
1791564114,5,GET,/api/users/emails,0.111111,0.000000,1500,1500,1500,1500,1500,1500,1500,1500,1500,1500,1500,1,0,1501.3715999998567,1501.3715999998567,1501.3715999998567,1501.3715999998567,4223.0
1791564114,5,GET,/api/users/over-twenty,0.222222,0.000000,1200,1200,1200,1200,1200,1200,1200,1200,1200,1200,1200,2,0,900,1045.085500000141,895.1742000003833,1194.996799999899,14390.0
1791564114,5,,Aggregated,0.888889,0.000000,2500,3200,3200,3300,3700,3700,3700,3700,3700,3700,3700,11,0,1900,2168.4743545454444,895.1742000003833,3718.555599999945,10826.272727272728
1791564115,5,GET,/api/users,0.500000,0.000000,3100,3200,3300,3300,3700,3700,3700,3700,3700,3700,3700,7,0,3100,2725.5871999999335,1404.611599999953,3718.555599999945,14097.42857142857
1791564115,5,POST,/api/users/bulk,0.100000,0.000000,3200,3200,3200,3200,3200,3200,3200,3200,3200,3200,3200,2,0,1142.3534000000473,2157.1764000000258,1142.3534000000473,3171.9994000000042,765.0
1791564115,5,GET,/api/users/emails,0.100000,0.000000,1500,1500,1500,1500,1500,1500,1500,1500,1500,1500,1500,1,0,1501.3715999998567,1501.3715999998567,1501.3715999998567,1501.3715999998567,4223.0
1791564115,5,GET,/api/users/over-twenty,0.200000,0.000000,1200,1200,1200,1200,1200,1200,1200,1200,1200,1200,1200,2,0,900,1045.085500000141,895.1742000003833,1194.996799999899,14390.0
1791564115,5,,Aggregated,0.900000,0.000000,2500,3200,3200,3200,3300,3700,3700,3700,3700,3700,3700,12,0,1900,2248.7504833333105,895.1742000003833,3718.555599999945,11101.25
1791564116,5,GET,/api/users,0.600000,0.000000,3200,3300,3700,3700,3900,3900,3900,3900,3900,3900,3900,8,0,3100,2869.958249999911,1404.611599999953,3880.5555999997523,14106.5
1791564116,5,POST,/api/users/bulk,0.200000,0.000000,2500,2500,3200,3200,3200,3200,3200,3200,3200,3200,3200,3,0,2500,2256.459666666615,1142.3534000000473,3171.9994000000042,765.0
1791564116,5,GET,/api/users/emails,0.100000,0.000000,1500,1500,1500,1500,1500,1500,1500,1500,1500,1500,1500,1,0,1501.3715999998567,1501.3715999998567,1501.3715999998567,1501.3715999998567,4223.0
1791564116,5,GET,/api/users/over-twenty,0.200000,0.000000,1200,1200,1200,1200,1200,1200,1200,1200,1200,1200,1200,2,0,900,1045.085500000141,895.1742000003833,1194.996799999899,14390.0
1791564116,5,,Aggregated,1.100000,0.000000,3100,3200,3300,3300,3700,3900,3900,3900,3900,3900,3900,14,0,2500,2380.0419714285194,895.1742000003833,3880.5555999997523,10582.142857142857
1791564117,5,GET,/api/users,0.700000,0.000000,3200,3300,3700,3700,3900,3900,3900,3900,3900,3900,3900,9,0,3100,2881.8291222221687,1404.611599999953,3880.5555999997523,14113.555555555555
1791564117,5,POST,/api/users/bulk,0.200000,0.000000,2500,2500,3200,3200,3200,3200,3200,3200,3200,3200,3200,3,0,2500,2256.459666666615,1142.3534000000473,3171.9994000000042,765.0
1791564117,5,GET,/api/users/emails,0.000000,0.000000,1500,1500,1500,1500,1500,1500,1500,1500,1500,1500,1500,1,0,1501.3715999998567,1501.3715999998567,1501.3715999998567,1501.3715999998567,4223.0
1791564117,5,GET,/api/users/over-twenty,0.200000,0.000000,1200,1200,1200,1200,1200,1200,1200,1200,1200,1200,1200,2,0,900,1045.085500000141,895.1742000003833,1194.996799999899,14390.0
1791564117,5,,Aggregated,1.100000,0.000000,3100,3200,3300,3300,3700,3900,3900,3900,3900,3900,3900,15,0,2500,2419.8255799999665,895.1742000003833,3880.5555999997523,10821.333333333334
1791564118,5,GET,/api/users,0.700000,0.000000,3200,3300,3700,3700,3900,3900,3900,3900,3900,3900,3900,9,0,3100,2881.8291222221687,1404.611599999953,3880.5555999997523,14113.555555555555
1791564118,5,POST,/api/users/bulk,0.200000,0.000000,2500,2500,3200,3200,3200,3200,3200,3200,3200,3200,3200,3,0,2500,2256.459666666615,1142.3534000000473,3171.9994000000042,765.0
1791564118,5,GET,/api/users/emails,0.000000,0.000000,1500,1500,1500,1500,1500,1500,1500,1500,1500,1500,1500,1,0,1501.3715999998567,1501.3715999998567,1501.3715999998567,1501.3715999998567,4223.0
1791564118,5,GET,/api/users/over-twenty,0.200000,0.000000,1200,1200,1200,1200,1200,1200,1200,1200,1200,1200,1200,2,0,900,1045.085500000141,895.1742000003833,1194.996799999899,14390.0
1791564118,5,,Aggregated,1.100000,0.000000,3200,3200,3300,3700,3900,3900,3900,3900,3900,3900,3900,15,0,2500,2419.8255799999665,895.1742000003833,3880.5555999997523,10821.333333333334
1791564119,5,GET,/api/users,0.600000,0.000000,3300,3700,3700,3700,3900,3900,3900,3900,3900,3900,3900,10,0,3100,2963.6340199999267,1404.611599999953,3880.5555999997523,14119.2
1791564119,5,POST,/api/users/bulk,0.100000,0.000000,3200,3200,3200,3200,3200,3200,3200,3200,3200,3200,3200,3,0,2500,2256.459666666615,1142.3534000000473,3171.9994000000042,765.0
1791564119,5,GET,/api/users/emails,0.000000,0.000000,1500,1500,1500,1500,1500,1500,1500,1500,1500,1500,1500,1,0,1501.3715999998567,1501.3715999998567,1501.3715999998567,1501.3715999998567,4223.0
1791564119,5,GET,/api/users/over-twenty,0.200000,0.000000,1200,1200,1200,1200,1200,1200,1200,1200,1200,1200,1200,2,0,900,1045.085500000141,895.1742000003833,1194.996799999899,14390.0
1791564119,5,,Aggregated,0.900000,0.000000,3200,3300,3700,3700,3900,3900,3900,3900,3900,3900,3900,16,0,2500,2499.828862499953,895.1742000003833,3880.5555999997523,11030.625
1791564120,5,GET,/api/users,0.700000,0.000000,3300,3700,3800,3800,3900,3900,3900,3900,3900,3900,3900,11,0,3200,3040.0143545453743,1404.611599999953,3880.5555999997523,14120.09090909091
1791564120,5,POST,/api/users/bulk,0.200000,0.000000,3200,3200,3200,3200,3200,3200,3200,3200,3200,3200,3200,3,0,2500,2256.459666666615,1142.3534000000473,3171.9994000000042,765.0
1791564120,5,GET,/api/users/emails,0.000000,0.000000,1500,1500,1500,1500,1500,1500,1500,1500,1500,1500,1500,1,0,1501.3715999998567,1501.3715999998567,1501.3715999998567,1501.3715999998567,4223.0
1791564120,5,GET,/api/users/over-twenty,0.000000,0.000000,1200,1200,1200,1200,1200,1200,1200,1200,1200,1200,1200,2,0,900,1045.085500000141,895.1742000003833,1194.996799999899,14390.0
1791564120,5,,Aggregated,0.900000,0.000000,3200,3300,3700,3800,3900,3900,3900,3900,3900,3900,3900,17,0,3000,2576.5340882352416,895.1742000003833,3880.5555999997523,11212.882352941177
1791564121,5,GET,/api/users,0.800000,0.000000,3700,3800,3800,3800,3900,3900,3900,3900,3900,3900,3900,12,0,3200,3106.920774999897,1404.611599999953,3880.5555999997523,14100.583333333334
1791564121,5,POST,/api/users/bulk,0.200000,0.000000,3200,3200,3700,3700,3700,3700,3700,3700,3700,3700,3700,4,0,2500,2617.1838750000234,1142.3534000000473,3699.356500000249,765.0
1791564121,5,GET,/api/users/emails,0.000000,0.000000,1500,1500,1500,1500,1500,1500,1500,1500,1500,1500,1500,1,0,1501.3715999998567,1501.3715999998567,1501.3715999998567,1501.3715999998567,4223.0
1791564121,5,GET,/api/users/over-twenty,0.000000,0.000000,1200,1200,1200,1200,1200,1200,1200,1200,1200,1200,1200,2,0,900,1045.085500000141,895.1742000003833,1194.996799999899,14390.0
1791564121,5,,Aggregated,1.000000,0.000000,3300,3700,3800,3800,3800,3900,3900,3900,3900,3900,3900,19,0,3100,2702.2803894736317,895.1742000003833,3880.5555999997523,10803.684210526315
1791564122,5,GET,/api/users,0.800000,0.000000,3700,3800,3800,3800,3900,3900,3900,3900,3900,3900,3900,12,0,3200,3106.920774999897,1404.611599999953,3880.5555999997523,14100.583333333334
1791564122,5,POST,/api/users/bulk,0.200000,0.000000,3200,3200,3700,3700,3700,3700,3700,3700,3700,3700,3700,4,0,2500,2617.1838750000234,1142.3534000000473,3699.356500000249,765.0
1791564122,5,GET,/api/users/emails,0.000000,0.000000,1500,1500,1500,1500,1500,1500,1500,1500,1500,1500,1500,1,0,1501.3715999998567,1501.3715999998567,1501.3715999998567,1501.3715999998567,4223.0
1791564122,5,GET,/api/users/over-twenty,0.000000,0.000000,1200,1200,1200,1200,1200,1200,1200,1200,1200,1200,1200,2,0,900,1045.085500000141,895.1742000003833,1194.996799999899,14390.0
1791564122,5,,Aggregated,1.000000,0.000000,3700,3700,3800,3800,3900,3900,3900,3900,3900,3900,3900,19,0,3100,2702.2803894736317,895.1742000003833,3880.5555999997523,10803.684210526315
1791564123,5,GET,/api/users,0.700000,0.000000,3700,3800,3800,3800,3900,3900,3900,3900,3900,3900,3900,13,0,3300,3121.597023076831,1404.611599999953,3880.5555999997523,14102.23076923077
1791564123,5,POST,/api/users/bulk,0.200000,0.000000,3200,3200,3700,3700,3700,3700,3700,3700,3700,3700,3700,4,0,2500,2617.1838750000234,1142.3534000000473,3699.356500000249,765.0
1791564123,5,GET,/api/users/emails,0.000000,0.000000,0,0,0,0,0,0,0,0,0,0,0,1,0,1501.3715999998567,1501.3715999998567,1501.3715999998567,1501.3715999998567,4223.0
1791564123,5,GET,/api/users/over-twenty,0.000000,0.000000,1200,1200,1200,1200,1200,1200,1200,1200,1200,1200,1200,2,0,900,1045.085500000141,895.1742000003833,1194.996799999899,14390.0
1791564123,5,,Aggregated,0.900000,0.000000,3700,3700,3800,3800,3900,3900,3900,3900,3900,3900,3900,20,0,3100,2732.0519699999522,895.1742000003833,3880.5555999997523,10969.6
1791564124,5,GET,/api/users,0.700000,0.000000,3700,3800,3800,3800,3900,3900,3900,3900,3900,3900,3900,13,0,3300,3121.597023076831,1404.611599999953,3880.5555999997523,14102.23076923077
1791564124,5,POST,/api/users/bulk,0.300000,0.000000,3700,3700,3700,3700,3700,3700,3700,3700,3700,3700,3700,4,0,2500,2617.1838750000234,1142.3534000000473,3699.356500000249,765.0
1791564124,5,GET,/api/users/emails,0.000000,0.000000,0,0,0,0,0,0,0,0,0,0,0,2,0,1501.3715999998567,2418.5954999998103,1501.3715999998567,3335.819399999764,4244.5
1791564124,5,GET,/api/users/over-twenty,0.000000,0.000000,1200,1200,1200,1200,1200,1200,1200,1200,1200,1200,1200,2,0,900,1045.085500000141,895.1742000003833,1194.996799999899,14390.0
1791564124,5,,Aggregated,1.000000,0.000000,3700,3700,3800,3800,3900,3900,3900,3900,3900,3900,3900,21,0,3200,2760.802799999943,895.1742000003833,3880.5555999997523,10650.380952380952
1791564125,5,GET,/api/users,0.700000,0.000000,3700,3800,3800,3800,3900,3900,3900,3900,3900,3900,3900,14,0,3300,3157.3816999999244,1404.611599999953,3880.5555999997523,14107.07142857143
1791564125,5,POST,/api/users/bulk,0.300000,0.000000,3700,3700,3700,3700,3700,3700,3700,3700,3700,3700,3700,4,0,2500,2617.1838750000234,1142.3534000000473,3699.356500000249,765.0
1791564125,5,GET,/api/users/emails,0.000000,0.000000,3300,3300,3300,3300,3300,3300,3300,3300,3300,3300,3300,2,0,1501.3715999998567,2418.5954999998103,1501.3715999998567,3335.819399999764,4244.5
1791564125,5,GET,/api/users/over-twenty,0.000000,0.000000,1200,1200,1200,1200,1200,1200,1200,1200,1200,1200,1200,2,0,900,1045.085500000141,895.1742000003833,1194.996799999899,14390.0
1791564125,5,,Aggregated,1.000000,0.000000,3700,3700,3800,3800,3900,3900,3900,3900,3900,3900,3900,22,0,3200,2799.9746045454067,895.1742000003833,3880.5555999997523,10810.363636363636
1791564126,5,GET,/api/users,0.700000,0.000000,3700,3700,3800,3800,3800,3800,3800,3800,3800,3800,3800,14,0,3300,3157.3816999999244,1404.611599999953,3880.5555999997523,14107.07142857143
1791564126,5,POST,/api/users/bulk,0.300000,0.000000,3700,3700,3700,3700,3700,3700,3700,3700,3700,3700,3700,4,0,2500,2617.1838750000234,1142.3534000000473,3699.356500000249,765.0
1791564126,5,GET,/api/users/emails,0.000000,0.000000,3300,3300,3300,3300,3300,3300,3300,3300,3300,3300,3300,2,0,1501.3715999998567,2418.5954999998103,1501.3715999998567,3335.819399999764,4244.5
1791564126,5,GET,/api/users/over-twenty,0.000000,0.000000,0,0,0,0,0,0,0,0,0,0,0,2,0,900,1045.085500000141,895.1742000003833,1194.996799999899,14390.0
1791564126,5,,Aggregated,1.000000,0.000000,3700,3700,3800,3800,3800,3800,3800,3800,3800,3800,3800,22,0,3200,2799.9746045454067,895.1742000003833,3880.5555999997523,10810.363636363636
1791564127,5,GET,/api/users,0.700000,0.000000,3800,3800,3800,3800,4100,4100,4100,4100,4100,4100,4100,15,0,3300,3222.485659999923,1404.611599999953,4133.941099999902,14111.266666666666
1791564127,5,POST,/api/users/bulk,0.200000,0.000000,3700,3700,3700,3700,3700,3700,3700,3700,3700,3700,3700,4,0,2500,2617.1838750000234,1142.3534000000473,3699.356500000249,765.0
1791564127,5,GET,/api/users/emails,0.000000,0.000000,3300,3300,3300,3300,3300,3300,3300,3300,3300,3300,3300,2,0,1501.3715999998567,2418.5954999998103,1501.3715999998567,3335.819399999764,4244.5
1791564127,5,GET,/api/users/over-twenty,0.000000,0.000000,0,0,0,0,0,0,0,0,0,0,0,2,0,900,1045.085500000141,895.1742000003833,1194.996799999899,14390.0
1791564127,5,,Aggregated,0.900000,0.000000,3700,3800,3800,3800,4100,4100,4100,4100,4100,4100,4100,23,0,3200,2857.9731478260364,895.1742000003833,4133.941099999902,10956.434782608696
1791564128,5,GET,/api/users,0.700000,0.000000,3800,3800,3800,3800,4100,4100,4100,4100,4100,4100,4100,15,0,3300,3222.485659999923,1404.611599999953,4133.941099999902,14111.266666666666
1791564128,5,POST,/api/users/bulk,0.200000,0.000000,4000,4000,4000,4000,4000,4000,4000,4000,4000,4000,4000,5,0,3200,2892.6423599999907,1142.3534000000473,3994.47629999986,765.0
1791564128,5,GET,/api/users/emails,0.100000,0.000000,3800,3800,3800,3800,3800,3800,3800,3800,3800,3800,3800,3,0,3300,2881.6929666665296,1501.3715999998567,3807.887899999969,4253.0
1791564128,5,GET,/api/users/over-twenty,0.000000,0.000000,0,0,0,0,0,0,0,0,0,0,0,2,0,900,1045.085500000141,895.1742000003833,1194.996799999899,14390.0
1791564128,5,,Aggregated,1.000000,0.000000,3800,3800,3800,4000,4100,4100,4100,4100,4100,4100,4100,25,0,3300,2941.429863999947,895.1742000003833,4133.941099999902,10281.32
1791564129,5,GET,/api/users,0.700000,0.000000,3800,3800,3800,3800,4100,4100,4100,4100,4100,4100,4100,16,0,3300,3256.302243749928,1404.611599999953,4133.941099999902,14114.9375
1791564129,5,POST,/api/users/bulk,0.100000,0.000000,4000,4000,4000,4000,4000,4000,4000,4000,4000,4000,4000,5,0,3200,2892.6423599999907,1142.3534000000473,3994.47629999986,765.0
1791564129,5,GET,/api/users/emails,0.100000,0.000000,3800,3800,3800,3800,3800,3800,3800,3800,3800,3800,3800,3,0,3300,2881.6929666665296,1501.3715999998567,3807.887899999969,4253.0
1791564129,5,GET,/api/users/over-twenty,0.000000,0.000000,0,0,0,0,0,0,0,0,0,0,0,2,0,900,1045.085500000141,895.1742000003833,1194.996799999899,14390.0
1791564129,5,,Aggregated,0.900000,0.000000,3800,3800,3800,4000,4100,4100,4100,4100,4100,4100,4100,26,0,3300,2973.049907692257,895.1742000003833,4133.941099999902,10430.884615384615
1791564130,5,GET,/api/users,0.700000,0.000000,3800,3800,3800,4100,4100,4100,4100,4100,4100,4100,4100,16,0,3300,3256.302243749928,1404.611599999953,4133.941099999902,14114.9375
1791564130,5,POST,/api/users/bulk,0.100000,0.000000,4000,4000,4000,4000,4000,4000,4000,4000,4000,4000,4000,5,0,3200,2892.6423599999907,1142.3534000000473,3994.47629999986,765.0
1791564130,5,GET,/api/users/emails,0.100000,0.000000,3800,3800,3800,3800,3800,3800,3800,3800,3800,3800,3800,3,0,3300,2881.6929666665296,1501.3715999998567,3807.887899999969,4253.0
1791564130,5,GET,/api/users/over-twenty,0.000000,0.000000,0,0,0,0,0,0,0,0,0,0,0,2,0,900,1045.085500000141,895.1742000003833,1194.996799999899,14390.0
1791564130,5,,Aggregated,0.900000,0.000000,3800,3800,3800,4000,4100,4100,4100,4100,4100,4100,4100,26,0,3300,2973.049907692257,895.1742000003833,4133.941099999902,10430.884615384615
1791564132,5,GET,/api/users,0.500000,0.000000,3800,4100,4100,4300,4300,4300,4300,4300,4300,4300,4300,17,0,3600,3317.3106470587345,1404.611599999953,4293.445099999644,14115.35294117647
1791564132,5,POST,/api/users/bulk,0.200000,0.000000,4000,4000,4000,4000,4000,4000,4000,4000,4000,4000,4000,5,0,3200,2892.6423599999907,1142.3534000000473,3994.47629999986,765.0
1791564132,5,GET,/api/users/emails,0.200000,0.000000,3800,3800,3800,3800,3800,3800,3800,3800,3800,3800,3800,3,0,3300,2881.6929666665296,1501.3715999998567,3807.887899999969,4253.0
1791564132,5,GET,/api/users/over-twenty,0.000000,0.000000,0,0,0,0,0,0,0,0,0,0,0,2,0,900,1045.085500000141,895.1742000003833,1194.996799999899,14390.0
1791564132,5,,Aggregated,0.900000,0.000000,3800,4000,4100,4100,4300,4300,4300,4300,4300,4300,4300,27,0,3300,3021.9534333332713,895.1742000003833,4293.445099999644,10567.592592592593
1791564133,3,GET,/api/users,0.600000,0.000000,3900,3900,4100,4100,4300,4300,4300,4300,4300,4300,4300,18,0,3600,3351.6359499999194,1404.611599999953,4293.445099999644,14118.388888888889
1791564133,3,POST,/api/users/bulk,0.200000,0.000000,4000,4000,4000,4000,4000,4000,4000,4000,4000,4000,4000,5,0,3200,2892.6423599999907,1142.3534000000473,3994.47629999986,765.0
1791564133,3,GET,/api/users/emails,0.200000,0.000000,3800,3800,3800,3800,3800,3800,3800,3800,3800,3800,3800,3,0,3300,2881.6929666665296,1501.3715999998567,3807.887899999969,4253.0
1791564133,3,GET,/api/users/over-twenty,0.000000,0.000000,0,0,0,0,0,0,0,0,0,0,0,2,0,900,1045.085500000141,895.1742000003833,1194.996799999899,14390.0
1791564133,3,,Aggregated,1.000000,0.000000,3900,4000,4100,4100,4300,4300,4300,4300,4300,4300,4300,28,0,3300,3054.568171428514,895.1742000003833,4293.445099999644,10696.25
